dataset,tracker,rate,FragA_0,FragA_r,FragA_floor_r,D_FragA,seed_sd_FragA,D_FragA_PT21,seed_sd_FragA_PT21,D_HOTA,seed_sd_HOTA,D_AssA,seed_sd_AssA,D_FA-HOTA,seed_sd_FA-HOTA,D_FA-HOTA_PT21,seed_sd_FA-HOTA_PT21,D_FM_per_track,seed_sd_FM_per_track,D_IDSW,seed_sd_IDSW,DiD,DiD_lo,DiD_hi,p,p_holm
mot17,bytetrack,0.05,0.5296886509483643,0.08539118899718691,0.0035399146972165778,0.44429746195117736,0.0014504641227118162,0.05457794730723309,0.009318676828777333,0.04034604583195567,0.005953646191032585,0.04537556987120095,0.010770014804402863,0.28741908660433796,0.0023654064808395444,0.04312593502260176,0.005540217495896397,-8.711843711843713,0.1688991618646316,-145.66666666666674,20.64784088793144,0.3897195146439443,0.176107512217064,0.5321755512300053,9.999000099990002e-05,0.0015998400159984002
mot17,bytetrack,0.1,0.5296886509483643,0.04980682018177773,0.0035371858226086396,0.4798818307665865,0.0008584280861934299,0.08571289702203677,0.005624616301532147,0.0721999076038774,0.00351376168738429,0.07592212158266787,0.006029535003880905,0.35151702235179655,0.0015903196573169307,0.07520342444426664,0.0033865889182857394,-16.44871794871795,0.08735706972682529,-227.0,30.116440692751194,0.39416893374454975,0.18345095483458107,0.5284547841400862,9.999000099990002e-05,0.0015998400159984002
mot17,bytetrack,0.2,0.5296886509483643,0.02711532750222596,0.0035437718915104412,0.5025733234461383,0.0002089298674219286,0.166183526200396,0.009522326284388476,0.14676429312360695,0.006179922694940261,0.15378300835851688,0.008137364383921786,0.422100095655233,0.0014817701703383165,0.15074144153654423,0.006645553012628546,-28.931013431013433,0.07773281583588253,-337.66666666666674,32.715949219506584,0.33638979724574225,0.15626567493522792,0.44776447144863685,9.999000099990002e-05,0.0015998400159984002
mot17,bytetrack,0.3,0.5296886509483643,0.018048930744994852,0.00351193943072231,0.5116397202033695,6.447701437474849e-05,0.23721131408269175,0.009843261180085557,0.22222858614321161,0.005740292689029835,0.22780744093659566,0.009498741892329937,0.4692208359058241,0.0015606373023229383,0.22542416555135547,0.00596338360586427,-37.860195360195355,0.10364315509982575,-458.33333333333326,8.082903768654761,0.2744284061206777,0.11435525918269124,0.37410932478187164,9.999000099990002e-05,0.0015998400159984002
mot17,ocsort,0.05,0.5396269774262601,0.08209778738173747,0.003386562654872,0.45752919004452264,0.0015484655173026757,0.10548547051864654,0.0026942037412876966,0.10660776168784314,0.0007946063764983348,0.10592157306998895,0.0006209628390805715,0.3222526029007587,0.0017278893183519238,0.10650181241602086,0.00038100055728827964,-7.297313797313796,0.15202936216100135,-22.333333333333314,18.14754345175493,0.3520437195258761,0.14788240213984877,0.4743518473255276,9.999000099990002e-05,0.0015998400159984002
mot17,ocsort,0.1,0.5396269774262601,0.04803376687634131,0.003437874586173326,0.4915932105499188,0.000919037170901066,0.19892020039905134,0.007474488409521177,0.20192141669418695,0.0037221544963097148,0.19875518122329605,0.007598001371062042,0.40554161873554545,0.0007983062783430195,0.20197888317182788,0.003695586751403359,-12.244810744810746,0.058674794117317346,-31.333333333333314,13.503086067019394,0.29267301015086744,0.12456036126693021,0.38902132131409717,9.999000099990002e-05,0.0015998400159984002
mot17,ocsort,0.2,0.5396269774262601,0.02654144593506051,0.003521763309713788,0.5130855314911996,2.0275356412249833e-05,0.3507171572000482,0.0025971121361404053,0.3587574880533457,0.0012494686426268748,0.35044680663332767,0.00227835185425164,0.4984699855812508,0.0006409305878253255,0.35884247912946565,0.0012261901086985825,-16.715506715506713,0.12611234513968558,-77.66666666666663,14.46835627614047,0.16236837429115142,0.039661035612608,0.23090829430124699,9.999000099990002e-05,0.0015998400159984002
mot17,ocsort,0.3,0.5396269774262601,0.01826188960740478,0.0036282543531913013,0.5213650878188553,0.0004295697129055982,0.47211722962689967,0.0029324628943765683,0.4849221689370332,0.002025896602245191,0.4728950150738054,0.0023867062212448932,0.5570669663792762,0.00022258688071229813,0.48472743161571746,0.0021753484666882906,-16.368742368742367,0.1135728054137577,-55.66666666666663,4.163331998932265,0.049247858191955596,-0.0333966133781064,0.09484226857447756,0.22807719228077192,0.6842315768423157
dancetrack,bytetrack,0.05,0.14361652238889538,0.023890251966848092,0.0009662271454362855,0.1197262704220473,0.00019380216061729014,0.02312831806159521,0.006083223582123366,0.022777399975477286,0.005243334938507337,0.015547587399823481,0.006423548921890828,0.14216353458662864,0.0010358101885431876,0.02663731574402095,0.005228059824947193,-33.48840048840049,0.12552581424728473,-239.33333333333348,37.28717384481336,0.09659795236045209,0.06956432557033705,0.12762112407585338,9.999000099990002e-05,0.0015998400159984002
dancetrack,bytetrack,0.1,0.14361652238889538,0.013578689112842433,0.0009647180086719622,0.13003783327605295,0.00018355655743955944,0.043351623453228266,0.005980782102621704,0.04882140540881069,0.004914594835052276,0.03570546163809363,0.00582796189691554,0.18024177999123359,0.0014761029722952053,0.05324827432498813,0.0050372413477256526,-63.51159951159951,0.19245008972987251,-441.6666666666665,28.37839553839035,0.08668620982282468,0.06287128568921048,0.11370695457045367,9.999000099990002e-05,0.0015998400159984002
dancetrack,bytetrack,0.2,0.14361652238889538,0.007277876718256381,0.0009681156076370047,0.136338645670639,6.647393091989443e-05,0.07036855866000324,0.0036329412912401763,0.09358220779102139,0.0006222205852194777,0.06603411018966529,0.0010559001414122036,0.22003693392426985,0.00022673952125910836,0.09682730129041006,0.0018321013173416534,-112.35653235653234,0.36656278756226957,-731.0,45.902069670114,0.06597008701063575,0.04459546421786455,0.09058326872635844,9.999000099990002e-05,0.0015998400159984002
dancetrack,bytetrack,0.3,0.14361652238889538,0.0049375085285809734,0.0009786711493705855,0.13867901386031442,4.521114961660781e-05,0.09637431218991283,0.0034900997337077404,0.14150269088518996,0.004155240544657582,0.09919710599991974,0.005347793043246608,0.24601450504131445,0.000555100841730467,0.1417802352192744,0.0029528138362682555,-147.01221001221,0.18739882825835916,-928.0,47.085029467974216,0.042304701670401595,0.022255337654141456,0.0641984517558399,9.999000099990002e-05,0.0015998400159984002
dancetrack,ocsort,0.05,0.16881524853560945,0.026570768799098934,0.0009853527476353817,0.1422444797365105,0.0005256096520234627,0.04430780561542497,0.005537618143083738,0.07111239960467941,0.0029978267208933614,0.048993589662745585,0.003707030776064068,0.18461509337971838,0.0019813643235086676,0.06935754166276459,0.003823753700654715,-28.747252747252745,0.3829021672581525,-120.33333333333326,22.94195574342635,0.09793667412108553,0.07128644718153294,0.12830331436572592,9.999000099990002e-05,0.0015998400159984002
dancetrack,ocsort,0.1,0.16881524853560945,0.014790438188176028,0.0009970210738040432,0.15402481034743343,0.00019123495533978306,0.08703942401833445,0.00441547179022233,0.1396544743293351,0.0030359121397751194,0.0980537525521063,0.0039126651528046,0.23956389616163123,0.0010174129639554089,0.13554743229601607,0.0033703556072208415,-48.733821733821735,0.2326608134840354,-175.66666666666652,28.29016319029166,0.06698538632909898,0.04271040554602695,0.09277495110643182,9.999000099990002e-05,0.0015998400159984002
dancetrack,ocsort,0.2,0.16881524853560945,0.007923323096951035,0.001025693495789183,0.1608919254386584,9.86534597319927e-05,0.15464132471516748,0.002697990926972975,0.2499995730665428,0.002694185204556188,0.17251706654439786,0.004356222692413765,0.29917240436560605,0.00025650883089703907,0.24323029552844572,0.0022736218756416377,-67.004884004884,0.20582473754046793,-236.66666666666652,32.145502536643185,0.006250600723490929,-0.012414240834555898,0.02260182116630215,0.24667533246675333,0.6842315768423157
dancetrack,ocsort,0.3,0.16881524853560945,0.005397267733182046,0.0010580124710127448,0.1634179808024274,4.2603613805279395e-05,0.2078822531366193,0.001750783887795631,0.33964527626891905,0.0009537254622651239,0.23460525551093203,0.001786116513193009,0.3370349381654718,0.00016229967301393435,0.32939673819670645,0.0009451650779466344,-65.23199023199024,0.5358554127791935,-254.33333333333348,61.69548875998417,-0.044464272334191896,-0.06505510148842769,-0.029550987575475057,1.0,1.0
