dataset,detector,tracker,boxes_added_frac,dFragA,dFragA_PT21,dHOTA,dAssA,dFAHOTA,dFAHOTA_PT21,DiD,DiD_lo,DiD_hi,p,p_holm
mot17,DPM,sort,0.04009111617312078,0.025741303043580355,0.008079249494052199,0.004084960635442725,5.2452146473258576e-05,0.012131659364236824,0.006095535439755023,0.017662053549528156,0.01659916638856243,0.018971621162578167,9.999000099990002e-05,0.0018998100189981002
mot17,DPM,bytetrack,0.32536777694557895,0.09193321303480131,0.06600495898199904,0.006377747836112113,0.01117813695470693,0.03869099998402231,0.02179117678968362,0.025928254052802274,0.013960037778713161,0.03227681316977088,9.999000099990002e-05,0.0018998100189981002
mot17,DPM,ocsort,0.19692012234156064,0.08395474290198046,0.030256542953495003,0.02574459509017546,0.014985257869907065,0.045829246187320816,0.028668757599840666,0.05369819994848546,0.04993117918650908,0.05609869225467515,9.999000099990002e-05,0.0018998100189981002
mot17,DPM,botsort,0.3466624205585478,0.09796827210428641,0.07219642462387676,0.008553295407582706,0.014208737257980608,0.041814479774663404,0.02449866593190586,0.025771847480409643,0.015411383931973638,0.031156627528897512,9.999000099990002e-05,0.0018998100189981002
mot17,FRCNN,sort,0.003093179956193959,0.0043914692210057504,-9.347223134081872e-05,0.0003976880155311391,-9.666117858131429e-05,0.0017979665668851341,0.00039844881806266885,0.004484941452346569,0.0013743446275721204,0.007522857584580061,9.999000099990002e-05,
mot17,FRCNN,bytetrack,0.04833231597564591,0.03570580246079863,0.004107141546550674,0.00405290604661368,0.002404230625194903,0.014578007181416053,0.0044623237221460554,0.031598660914247956,0.018352500621484746,0.04121401721672263,9.999000099990002e-05,0.0018998100189981002
mot17,FRCNN,ocsort,0.03809922896412998,0.027639960560795762,0.0014056464910787714,0.005082848595020117,0.0007919345551771206,0.013139668703598228,0.005226374324727223,0.02623431406971699,0.013839737003239505,0.0401264280228924,9.999000099990002e-05,0.0018998100189981002
mot17,FRCNN,botsort,0.06588645961571427,0.03941271906304683,0.00370199035123453,0.005602614198041311,0.00315752292660354,0.017056342369354494,0.005729510299826879,0.0357107287118123,0.024510510143893216,0.04788509822975512,9.999000099990002e-05,0.0018998100189981002
mot17,SDP,sort,0.018887566924449706,0.01848451923957073,-0.0002603453088331209,0.0032768757611416066,-0.0010680199759349196,0.01005029938848645,0.0034979757090271013,0.01874486454840385,0.010698721041947135,0.024124794123641765,9.999000099990002e-05,0.0018998100189981002
mot17,SDP,bytetrack,0.09387750040304077,0.08290415454611949,0.006380817881164069,0.012047152286185137,0.002113994418160514,0.042834308845309754,0.013144694210636798,0.07652333666495542,0.04250318855296922,0.09574581111893027,9.999000099990002e-05,0.0018998100189981002
mot17,SDP,ocsort,0.0862700448565823,0.06290967855548213,0.01227658866810366,0.01762810030608608,0.005985212227111902,0.037793406259019,0.019177973197052278,0.05063308988737847,0.025668539176976764,0.06395437446480973,9.999000099990002e-05,0.0018998100189981002
mot17,SDP,botsort,0.10381528583775768,0.08747503866429918,0.009305584287035318,0.013095211952302566,0.0031562346764063554,0.04453142746305688,0.014657109460310735,0.07816945437726386,0.04968195270230533,0.09280988500275311,9.999000099990002e-05,0.0018998100189981002
mot17,YOLOX,sort,0.007920986683701114,0.017252772731566002,0.0006121092614400636,0.0018526143813838436,-3.779758451205595e-05,0.008014332168117977,0.0020355146390013124,0.016640663470125938,0.012213021771173227,0.0242132202539008,9.999000099990002e-05,0.0018998100189981002
mot17,YOLOX,bytetrack,0.04602735854888418,0.05937912668214684,0.012463199302511607,-0.006517090860850394,0.0021465848795845233,0.014976197646749956,-0.003615844293621162,0.046915927379635236,0.024725673916839774,0.057383001897105324,9.999000099990002e-05,0.0018998100189981002
mot17,YOLOX,ocsort,0.05244550985052987,0.08258828791650863,0.006640138984104538,0.012549084961469337,0.003537740288124702,0.0410090837719741,0.013361840391467816,0.07594814893240409,0.05891339285813152,0.09607636105996431,9.999000099990002e-05,0.0018998100189981002
mot17,YOLOX,botsort,0.042681054524718265,0.06134360646626069,0.010584847684234955,-0.005290108614712907,0.001927070962204902,0.01644113821564286,-0.002897839386660772,0.05075875878202574,0.03164402634393043,0.0629428799630074,9.999000099990002e-05,0.0018998100189981002
dancetrack,YOLOX,sort,0.012039174706554245,0.016108464824733465,0.0016346942610858117,0.0013119845628489224,-5.661340862844755e-05,0.01066900016940503,0.0020564162436869093,0.014473770563647653,0.00989417723919411,0.019572133977160733,9.999000099990002e-05,0.0018998100189981002
dancetrack,YOLOX,bytetrack,0.058735392414148935,0.03053897541965636,0.024986079314680748,-0.003674763741985332,0.0023930101904408585,0.01515370653683551,0.006344444689987461,0.005552896104975613,-0.0007020176904361366,0.012139126655933538,0.0408959104089591,0.0408959104089591
dancetrack,YOLOX,ocsort,0.0774405622708001,0.050344389262163,0.017443723525511656,0.006411850037109201,0.0028523026214755665,0.03518796636497917,0.01228524847279655,0.03290066573665135,0.019639405393173104,0.047029731349200604,9.999000099990002e-05,0.0018998100189981002
dancetrack,YOLOX,botsort,0.058081474097352315,0.03730129871972418,0.023793586704544845,-0.0054325866688180735,0.001982562272800248,0.016242306740074708,0.0035342811112186734,0.013507712015179335,0.000983876372831649,0.025969994344436653,0.0170982901709829,0.0341965803419658
