dataset,detector,tracker,post,output,n_seqs,HOTA,HOTA_lo,HOTA_hi,DetA,DetA_lo,DetA_hi,AssA,AssA_lo,AssA_hi,FragA,FragA_lo,FragA_hi,FragA_PT21,FragA_PT21_lo,FragA_PT21_hi,FragA_FNAonly,FragA_FNAonly_lo,FragA_FNAonly_hi,FragA_FPAonly,FragA_FPAonly_lo,FragA_FPAonly_hi,FragA_floor,FragA_floor_lo,FragA_floor_hi,FA-HOTA,FA-HOTA_lo,FA-HOTA_hi,FA-HOTA_PT21,FA-HOTA_PT21_lo,FA-HOTA_PT21_hi,FA-HOTA_PT21frag,FA-HOTA_PT21frag_lo,FA-HOTA_PT21frag_hi,IDF1,IDF1_lo,IDF1_hi,MOTA,MOTA_lo,MOTA_hi,IDSW,IDSW_lo,IDSW_hi,Frag,Frag_lo,Frag_hi,FM_per_track,FM_per_track_lo,FM_per_track_hi,IDSW_per_track,IDSW_per_track_lo,IDSW_per_track_hi,dH,dH_lo,dH_hi,dF,dF_lo,dF_hi,L211_part,rule_part,HOTA_minus_FAHOTA_PT21,HOTA_minus_FAHOTA,p_dH,p_dH_at_floor,n_seq_dH_pos,n_seq_dF_pos,p_dH_holm
mot17,DPM,botsort,interp,DPM__botsort__interp,7,0.32116962994779313,0.26911787400378556,0.34295583254834644,0.2935497335973696,0.24391171249628288,0.32527532181582003,0.3559325922633231,0.29036781493937086,0.3791852885535919,0.26402644022526117,0.22132223366072737,0.290939477485305,0.34455633395629826,0.2819896915549203,0.367110644483521,0.26402644022526117,0.22132223366072737,0.290939477485305,0.28065309393747895,0.22873942259975083,0.30270123932651305,0.0031823570865122768,0.0018882508486407,0.006826494456798408,0.2917927339934885,0.2468247983844526,0.31344513149161485,0.3183629280764664,0.26685874818568556,0.3398089091499075,0.31768409171306794,0.2662565874738081,0.339165163061675,0.3801094224924012,0.32797225750288983,0.40654256316158116,0.11509657426289215,0.0827126016882493,0.1794376698798402,603.0,425.0,822.0,784.0,499.0,1132.0,1.435897435897436,0.8550481111903065,2.285412262156448,1.1043956043956045,0.7009472259810555,1.7111650485436893,0.026570194082977894,0.01755660716130064,0.030641490021696194,0.08052989373103708,0.05341538443144758,0.09249025007903433,0.0006788363633984384,0.025891357719579455,0.0028067018713267555,0.02937689595430465,9.999000099990002e-05,True,7,7,0.003999600039996
mot17,DPM,botsort,raw,DPM__botsort__raw,7,0.3126163345402104,0.24972455561271484,0.34084350089601534,0.2891971616311128,0.22396175559510964,0.3305418624961171,0.34172385500534247,0.2718470506572667,0.36681014452671507,0.16605816812097476,0.13461083905359195,0.20169377859287643,0.2723599093324215,0.22194859363748765,0.2954233246904761,0.16605816812097476,0.13461083905359195,0.20169377859287643,0.27157959538717474,0.21485541105320416,0.2939121834116106,0.0032962085424048924,0.00194096753695894,0.007215518406586938,0.24997825421882508,0.2034831427831739,0.27832683362482785,0.2938642621445605,0.23713536919352257,0.32018094492918386,0.2897835171301937,0.2347541679472801,0.3162803357606543,0.3784784393232366,0.3088685054069725,0.41065873298192285,0.21169755202721355,0.17936352240684106,0.269553848668083,1129.0,692.0,1736.0,2801.0,1373.0,4824.249999999996,5.1300366300366305,2.296620425029516,9.413735343383584,2.067765567765568,1.0996932515337423,3.53887399463807,0.04388600792573544,0.0291627780327475,0.050471333484503444,0.10630174121144673,0.07500980553897127,0.11948679678277471,0.004080745014366838,0.0398052629113686,0.01875207239564991,0.06263808032138535,9.999000099990002e-05,True,7,7,0.003999600039996
mot17,DPM,bytetrack,interp,DPM__bytetrack__interp,7,0.31057313075843834,0.25102118629386644,0.33818062644564534,0.28948075867155176,0.2350766477849629,0.32123290458423404,0.3379609711967458,0.2616948355697173,0.3707052015646021,0.2522788023063341,0.2012967030500825,0.27509666725579424,0.32510383800961806,0.25170965631700554,0.3559414003258513,0.2522788023063341,0.2012967030500825,0.27509666725579424,0.26677427301828927,0.20290825380241814,0.2946346864141359,0.003047608443260582,0.0018603924183133275,0.006553875384344852,0.28280080537785185,0.23191477630638963,0.30727371666390674,0.3073294173790317,0.24866928699121205,0.33439233935143164,0.3065660133966497,0.24828939043709938,0.33355106828121933,0.36368041853956196,0.3081341893820567,0.3939216448344382,0.11661932197654434,0.08258969038938017,0.18294118570374673,762.0,560.0,978.0,824.0,537.0,1167.0,1.5091575091575091,0.9030769230769231,2.3899896752878003,1.3956043956043955,0.9477477477477477,2.0673575129533677,0.02452861200117984,0.01631234691953001,0.0285986388378896,0.07282503570328397,0.049374789131739955,0.08462157327587999,0.0007634039823820049,0.023765208018797834,0.003243713379406654,0.027772325380586493,9.999000099990002e-05,True,7,7,0.003999600039996
mot17,DPM,bytetrack,raw,DPM__bytetrack__raw,7,0.30419538292232623,0.2356333350697927,0.3368096671835918,0.2865819428750294,0.21822034994536393,0.32855430553501713,0.32678283424203886,0.24714561458200524,0.36057711357819267,0.16034558927153278,0.12381285631550137,0.19007251773728087,0.259098879027619,0.1960943590589592,0.284964775087792,0.16034558927153278,0.12381285631550137,0.19007251773728087,0.25921429528551715,0.1924086679320339,0.28756966080086793,0.0031959792133405265,0.0019177915225562466,0.006951181424530854,0.24410980539382954,0.19344101495912921,0.2729181311685186,0.28553824058934807,0.2228279954899624,0.3154515939580763,0.28146136822015516,0.22036817836320907,0.31092698210587716,0.3647016355205065,0.29359853473199826,0.4027653074705903,0.21067348192738897,0.17688975827860837,0.26925180213770816,1268.0,810.0,1867.0999999999985,2623.0,1251.8250000000003,4707.0,4.804029304029304,2.0239880059970017,9.221991701244812,2.3223443223443225,1.2915730254166997,3.8119349005424956,0.04142843519551853,0.02774077721462631,0.04888488483092636,0.09875328975608624,0.06675160148276582,0.11547040732962159,0.004076872369192908,0.037351562826325624,0.01865714233297816,0.06008557752849669,9.999000099990002e-05,True,7,7,0.003999600039996
mot17,DPM,ocsort,interp,DPM__ocsort__interp,7,0.2814150217206461,0.20983081460605885,0.322393013126263,0.22200503643584382,0.1406065845033232,0.28036217540251307,0.357226807053802,0.29176058007687544,0.3829527136520509,0.2501125978798844,0.20666991172552646,0.2925624080131302,0.3444769389525622,0.285565360952317,0.37515313086344565,0.2501125978798844,0.20666991172552646,0.2925624080131302,0.2869328842188108,0.22655983386552023,0.31225040709027657,0.002837509930998497,0.001856906548743209,0.005614219792448225,0.2490345629768233,0.1868041604972303,0.28869425553007017,0.2788612267037021,0.20905276593766037,0.3198872331027583,0.2782380349485896,0.20893788870419439,0.3191458749172792,0.35128198089381796,0.24351204679350466,0.4148304885107826,0.2716635350899846,0.17391478295659132,0.3448434167219923,256.0,172.0,353.0,401.0,254.0,586.0,0.7344322344322345,0.3942161339421613,1.2597087378640777,0.46886446886446886,0.27001569858712715,0.7642487046632125,0.02982666372687881,0.020362646929397377,0.03431263965402469,0.09436434107267783,0.07078643552306946,0.1046269064599589,0.0006231917551124955,0.029203471971766315,0.0025537950169439716,0.03238045874382278,9.999000099990002e-05,True,7,7,0.003999600039996
mot17,DPM,ocsort,raw,DPM__ocsort__raw,7,0.2556704266304706,0.18096211977338195,0.29839049481979774,0.19124007407540403,0.11648475306754187,0.24519602028651213,0.34224154918389493,0.2641199273876743,0.37382934248817834,0.16615785497790392,0.11267991744105947,0.21654041022858808,0.3142203959990672,0.24802150222225372,0.3489420207749368,0.16615785497790392,0.11267991744105947,0.21654041022858808,0.2759648130797895,0.2061271378155619,0.30506044245568537,0.0029164510835318624,0.0018762293730287703,0.005953951848162386,0.2032053167895025,0.13915025631321462,0.24573933314708685,0.25019246910386145,0.17798696544141657,0.29253626009579975,0.24888100533633198,0.17738839790998057,0.29108946110538053,0.3178065785534026,0.21169504071058476,0.38431635701350336,0.23557174278921075,0.14631794241386983,0.3041793056959892,309.0,198.0,448.0,1135.0,580.0,1923.0,2.078754578754579,0.8832128374451437,3.9344660194174756,0.5659340659340659,0.305111821086262,0.9678407773164253,0.04698715231435896,0.03411231947102514,0.053199032580827255,0.14806254102116329,0.12244501973718172,0.15905938673270853,0.0013114637675294694,0.04567568854682949,0.0054779575266091785,0.05246510984096814,9.999000099990002e-05,True,7,7,0.003999600039996
mot17,DPM,sort,interp,DPM__sort__interp,7,0.2557829594663455,0.19542896517849997,0.29838512392571137,0.247480548968006,0.16109911673788685,0.3051892519724464,0.26618940987517453,0.22550209646183675,0.313998538998281,0.22449680518738893,0.18940146200558272,0.26937540668337995,0.26566928500697334,0.22435900257540953,0.313211393362457,0.22449680518738893,0.18940146200558272,0.26937540668337995,0.22451464962258685,0.18943426097696495,0.2694147190432415,0.003134828624040744,0.0019516761504379109,0.0065804297271829385,0.2416416836335806,0.18450073335003628,0.2821351320186326,0.25565333475798063,0.19526493202259498,0.2981481032683768,0.2556193469668026,0.19515143174470206,0.2980990691636534,0.2902005623990374,0.21756793997635324,0.354460978621093,0.2842640497965217,0.1870825288014708,0.35655123934105565,748.0,419.0,1291.0,790.0,442.0,1351.0,1.4468864468864469,0.6829190492861867,2.6958637469586373,1.36996336996337,0.6372502788763817,2.5793650793650795,0.014011651124400032,0.009903021084109648,0.015928432745292345,0.04117247981958441,0.03406041750084879,0.043855073551339024,3.3987791178025084e-05,0.013977663333222007,0.00012962470836486162,0.014141275832764894,9.999000099990002e-05,True,7,7,0.003999600039996
mot17,DPM,sort,raw,DPM__sort__raw,7,0.25169799883090277,0.1893677200962861,0.29404903528305154,0.23967634737667534,0.15469772318470007,0.2978486546304235,0.2661369577287013,0.22265023121328817,0.31231020123120506,0.19875550214380858,0.16441088871368656,0.2391232893831626,0.25759003551292114,0.2175244646188324,0.30017432874183486,0.19875550214380858,0.16441088871368656,0.2391232893831626,0.22440781691050324,0.1867678332210208,0.26770111315302525,0.0031483890219900063,0.001957854130734958,0.006663491925645136,0.22951002426934378,0.17146790133991274,0.26977594795033405,0.2495577993182256,0.18813444879281369,0.29199100573359954,0.24913613381998576,0.18775727185775973,0.2915331421298814,0.2860728739504822,0.21242589220847946,0.3501001820300939,0.27547485685281,0.1813272740115329,0.3478081272267259,765.0,432.0,1319.0,1139.0,579.0,1979.0,2.086080586080586,0.9064245810055865,3.984251968503937,1.401098901098901,0.6561151079136691,2.634920634920635,0.020047775048881833,0.015082660625064387,0.0223528574588443,0.05883453336911257,0.05204426659568254,0.06131212111395981,0.0004216654982398538,0.01962610955064198,0.00214019951267716,0.022187974561558993,9.999000099990002e-05,True,7,7,0.003999600039996
mot17,FRCNN,botsort,interp,FRCNN__botsort__interp,7,0.49390261880618824,0.4175286560211625,0.5339028657043177,0.46178135610587295,0.3882350587820122,0.5038590879279063,0.5310438598014152,0.4368859308751936,0.5778861142832382,0.45110416671870057,0.3651314135184976,0.4967103199174466,0.5296435839510136,0.4337400759964503,0.5770099058992938,0.45110416671870057,0.3651314135184976,0.4967103199174466,0.47379790056654775,0.37511397569370414,0.5269009207854166,0.003643241376765806,0.0021435204508338888,0.00695994353718374,0.46903452900661785,0.39683803358171216,0.5074687479045706,0.493563130750582,0.41707501027284294,0.5337000011778267,0.4934789916329699,0.4169976003461285,0.5336229279698813,0.5672131518504689,0.4765214778802756,0.6170054710635948,0.5013758159167209,0.4085709785083819,0.5498354792496262,456.0,222.0,719.0749999999989,625.0,293.0,997.1249999999982,1.1446886446886446,0.5374280230326296,1.9543097840228973,0.8351648351648352,0.4052863436123348,1.4199515118958423,0.02452860174396415,0.018473156570896043,0.030016345566498348,0.07853941723231306,0.05999744947845009,0.09411532048066068,8.413911761212534e-05,0.024444462626352026,0.00033948805560624074,0.024868089799570392,9.999000099990002e-05,True,7,7,0.003999600039996
mot17,FRCNN,botsort,raw,FRCNN__botsort__raw,7,0.48830000460814693,0.4066573253159502,0.5281845854725868,0.4537445511268065,0.37651156815514825,0.4953563317248119,0.5278863368748117,0.4330584481780497,0.5742479976065226,0.41169144765565374,0.32714740363188394,0.4571907613605944,0.5259415935997791,0.42961958189243626,0.5731952993725954,0.41169144765565374,0.32714740363188394,0.4571907613605944,0.47455818704067143,0.37578788508700406,0.5254856991270401,0.0036381303827452372,0.0021320688438165292,0.007030829552612916,0.45197818663726336,0.37547326958038024,0.49071238140340445,0.4878336204507551,0.40617929276908804,0.52794628214773,0.4876978731597762,0.4060617216212964,0.5278833088187019,0.5622454123523174,0.46971291865002446,0.6116479570157765,0.4980631717677231,0.40668561375016915,0.5419502952410551,567.0,239.0,960.0249999999996,973.0,492.0,1511.0,1.7820512820512822,0.9027371636463483,2.9311827956989247,1.0384615384615385,0.43541364296081275,1.9315941580704767,0.035855433813491766,0.03163606116186263,0.04191974250995195,0.11425014594412536,0.09853936023600851,0.13108258073050127,0.00013574729097892702,0.03571968652251284,0.00046638415739180816,0.036321817970883574,9.999000099990002e-05,True,7,7,0.003999600039996
mot17,FRCNN,bytetrack,interp,FRCNN__bytetrack__interp,7,0.47780953709472523,0.3930844047231375,0.5234641107357139,0.449997430599218,0.3732734554671511,0.49142230111788593,0.5102168717254334,0.39832664321090716,0.5677455742946713,0.42974473604366925,0.33327228808312576,0.4822594818471042,0.5098092927789585,0.397615845707845,0.5675065731581812,0.42974473604366925,0.33327228808312576,0.4822594818471042,0.4515780233125455,0.3382589454932504,0.5119318979296563,0.00352020237660321,0.0021005868944923524,0.006644181742130267,0.4527767674466599,0.37174379880077185,0.4961225673029513,0.47770991377115285,0.39284358066152825,0.5234058758971196,0.47768745620594855,0.39278236835028735,0.5233896531144764,0.5560580569733953,0.4593364971819615,0.6121369064910743,0.49513344078648586,0.40224760206239785,0.5458869379373926,686.0,268.0,1148.0,751.0,319.0,1225.1249999999982,1.3754578754578755,0.5865384615384616,2.4421487603305785,1.2564102564102564,0.5069860279441117,2.3070866141732282,0.02493314632449295,0.0194966924279647,0.029474705081125707,0.08006455673528923,0.05878610343945068,0.09338699446693643,2.245756520430353e-05,0.024910688759288646,9.962332357238424e-05,0.025032769648065334,9.999000099990002e-05,True,7,7,0.003999600039996
mot17,FRCNN,bytetrack,raw,FRCNN__bytetrack__raw,7,0.47375663104811155,0.3875989650304093,0.5186307808649311,0.4442603860927809,0.3650730710719444,0.48560130315413624,0.5078126411002385,0.3962069524549734,0.5641310957919319,0.3940389335828706,0.29902000371263676,0.44416721980005763,0.5057021512324078,0.3926530076866742,0.5629513052287239,0.3940389335828706,0.29902000371263676,0.44416721980005763,0.4517501559802069,0.34032788175153633,0.5103928618666804,0.0035222656904801302,0.0020932462909710177,0.006739942749422229,0.43819876026524385,0.3554994471553269,0.4814171592136723,0.4732475900490068,0.38681991676067257,0.5182849774701211,0.4731287002623047,0.3865972687653796,0.5182340133747658,0.5531670400334289,0.45573766144217254,0.608040851719264,0.4939668913684248,0.4023814257366192,0.5402935275802311,716.0,279.0,1184.0,985.0,492.0,1535.0,1.804029304029304,0.9172045132941089,2.9612903225806453,1.3113553113553114,0.5327731092436975,2.381651376146789,0.03504882978376295,0.03033681343075456,0.03844118002215535,0.11166321764953718,0.08776222550419871,0.12237501479126067,0.00011888978670210326,0.034929939997060844,0.0005090409991047595,0.035557870782867707,9.999000099990002e-05,True,7,7,0.003999600039996
mot17,FRCNN,ocsort,interp,FRCNN__ocsort__interp,7,0.4752841464193954,0.39817615879357826,0.5170292218468769,0.44471576524624107,0.36530814358357877,0.48656792536797605,0.5099508366039166,0.41688662055703024,0.5586432320351292,0.4345586594790588,0.3511127069302164,0.4789256646091935,0.5094772639684334,0.4158195414600117,0.5584855122065823,0.4345586594790588,0.3511127069302164,0.4789256646091935,0.4609725385026794,0.36016891317571703,0.5153685250506689,0.003418364776012269,0.002078789965749337,0.006430492166607304,0.45110499140464566,0.3796158918151613,0.49041213778005843,0.47517057089960346,0.397933685815561,0.5169543986957892,0.4751454096319176,0.39787903417846193,0.5169418983308681,0.5492916417244739,0.45804443490393904,0.6016842695632517,0.48863282189194723,0.39845926048645125,0.5332288721599618,441.0,209.0,722.0,616.0,280.0,994.0,1.1282051282051282,0.5106007067137809,2.0036718166450442,0.8076923076923077,0.37574553481838247,1.4835312609151239,0.0240655794949578,0.017807578373934208,0.02682523907824917,0.0749186044893746,0.05743881911587784,0.08195053428380011,2.5161267685869237e-05,0.02404041822727193,0.00011357551979196412,0.024179155014749765,9.999000099990002e-05,True,7,7,0.003999600039996
mot17,FRCNN,ocsort,raw,FRCNN__ocsort__raw,7,0.4702012978243753,0.38890815823805064,0.5135389024013906,0.435727247814742,0.3528601862086445,0.4793865586375559,0.5091589020487395,0.4147308421429094,0.557349367925454,0.40691869891826304,0.32309679469197905,0.4507372617507711,0.5080716174773546,0.4120137259705114,0.5571749889062545,0.40691869891826304,0.32309679469197905,0.4507372617507711,0.46191008283474816,0.3619877813539677,0.5152096719939581,0.0034159204127926553,0.002065385005059168,0.006564139642378643,0.43796532270104743,0.3595123100699142,0.4793891541054647,0.46994419657487624,0.3885075751650646,0.5134937496729698,0.4698845937829423,0.3884147987006985,0.513471248945789,0.544960424360278,0.4502875361027074,0.5983318118908095,0.4798347239908457,0.3864532210070719,0.5261442042877857,436.0,208.0,707.0,762.0,391.0,1176.1249999999982,1.3956043956043955,0.7142857142857143,2.3202479338842976,0.7985347985347986,0.37,1.4376528117359413,0.031978873873828806,0.027976446072521588,0.03415691510216684,0.10115291855909159,0.08271919037162856,0.10869295360163211,5.960279193395479e-05,0.03191927108189485,0.00025710124949906987,0.032235975123327876,9.999000099990002e-05,True,7,7,0.003999600039996
mot17,FRCNN,sort,interp,FRCNN__sort__interp,7,0.44966330706975366,0.37108663244804985,0.4879820819455235,0.43605404348773896,0.35226713750075944,0.47968570821410184,0.46580656724467834,0.386747060897408,0.5028512354129927,0.42608953825640417,0.344145473375161,0.46650068051832494,0.4657133064307038,0.3865126267023087,0.5028285368333091,0.42608953825640417,0.344145473375161,0.46650068051832494,0.4260914720104935,0.34415014787483816,0.4665009847257791,0.003615172259708825,0.002135350344980929,0.007061619486162531,0.43661425642784546,0.35885711722076263,0.4753452357771632,0.4496400615859378,0.3710293856772463,0.48797443362672244,0.44963252143890536,0.3710108268361477,0.48797095276076896,0.5141880382462742,0.42932187894530627,0.5572520888796417,0.4807163147724338,0.3878747814219303,0.5262350684118232,571.0,331.0,846.0,629.0,342.0,948.0249999999996,1.152014652014652,0.6195324780690635,1.8958742632612966,1.0457875457875458,0.5877342419080068,1.7065972222222223,0.013025805158092318,0.010509614160938097,0.017346795368302137,0.039623768174299634,0.03222231018244853,0.05083930443315018,7.540147032414346e-06,0.013018265011059904,2.3245483815881318e-05,0.0130490506419082,9.999000099990002e-05,True,7,7,0.003999600039996
mot17,FRCNN,sort,raw,FRCNN__sort__raw,7,0.4492656190542225,0.3704869166061376,0.48767603578572477,0.4351694883093753,0.35122155773920355,0.47897658335336557,0.46590322842325965,0.3870727661693339,0.5027163176117542,0.4216980690353984,0.3406110262882254,0.4618146960347236,0.4658067786620446,0.38682962809643984,0.5026872211386563,0.4216980690353984,0.3406110262882254,0.4618146960347236,0.42621231443486157,0.34468289529439833,0.46635433198895915,0.003610034780920054,0.0021323294958566605,0.007055195192781141,0.4348162898609603,0.3574185086972995,0.47348481568014844,0.4492416127678751,0.3704267482247536,0.48767603578572477,0.44923393591623634,0.3704073434085654,0.48767348983017417,0.5137221116425537,0.42851470312792656,0.5569273386743194,0.4796121000561012,0.38646735190002984,0.5255039496902365,569.0,331.0,840.0,660.0,363.0,991.0,1.2087912087912087,0.6528066528066528,1.9783889980353635,1.0421245421245422,0.5877342419080068,1.6961805555555556,0.014425322906914784,0.01174536371562579,0.018947572168750537,0.0441087096266462,0.0353716931438513,0.05654430267934194,7.67685163877152e-06,0.014417646055276012,2.4006286347411088e-05,0.014449329193262195,9.999000099990002e-05,True,7,7,0.003999600039996
mot17,SDP,botsort,interp,SDP__botsort__interp,7,0.5648101197118846,0.45576053542065925,0.6212595191479693,0.5788134670578263,0.46874462696701935,0.6483712153645936,0.5530274828983789,0.43869680548262113,0.6014671716505322,0.43393183343653874,0.32815011869615957,0.484573251791692,0.547247889494013,0.42539224337883824,0.5993296494088508,0.43393183343653874,0.32815011869615957,0.484573251791692,0.4445248719807599,0.3400497214979719,0.49458792018193315,0.0032949904344567716,0.0019481701130216712,0.0066053181502507925,0.517611536831379,0.4155129052263962,0.5708533527093564,0.5632847642282444,0.4522302290317565,0.6206087401165292,0.5628760627386367,0.4513295205090747,0.6204236035893583,0.670255951387941,0.5579617834394904,0.7300562395500836,0.672333187885696,0.5332590914324763,0.7540912139503689,527.0,344.0,717.0,741.0,427.0,1084.0,1.3571428571428572,0.744,2.357647058823529,0.9652014652014652,0.6108307583740417,1.540309884033483,0.04567322739686541,0.03227710525386742,0.05236200071944164,0.1133160560574743,0.08891141690353216,0.12608700140691326,0.00040870148960769903,0.04526452590725771,0.0015253554836401895,0.0471985828805056,9.999000099990002e-05,True,7,7,0.003999600039996
mot17,SDP,botsort,raw,SDP__botsort__raw,7,0.551714907759582,0.43720278578042565,0.6081087584268591,0.5550275651446005,0.4364355840058427,0.6247392264396916,0.5498712482219725,0.4337960155693641,0.5971017305140129,0.34645679477223956,0.24904008968524338,0.3943324201178275,0.5379423052069777,0.41107736108263104,0.5912474238919105,0.34645679477223956,0.24904008968524338,0.3943324201178275,0.44585135000762444,0.3407987703356129,0.4941866614466582,0.0033597500370105946,0.0019686309489010704,0.006874391072875882,0.47308010936832207,0.37181558792183317,0.5220955762156412,0.5486276547679336,0.4307421934168758,0.6066916426344788,0.5477879576327979,0.429146708158424,0.6062405416621469,0.6606892922915022,0.5427280441482338,0.7204919683770583,0.6443983365539596,0.5032653966532765,0.723866543211814,799.0,469.0,1159.074999999999,2452.0,1369.0,3656.0,4.490842490842491,2.341614906832298,7.569937369519833,1.4633699633699633,0.8204724409448819,2.4504504504504503,0.07554754539961156,0.05305860929295614,0.08668334717082248,0.19148551043473816,0.1454546246462729,0.21040531773241766,0.000839697135135764,0.0747078482644758,0.0030872529916483593,0.07863479839125992,9.999000099990002e-05,True,7,7,0.003999600039996
mot17,SDP,bytetrack,interp,SDP__bytetrack__interp,7,0.5528418318322088,0.43571878616821746,0.6218565160441714,0.5731678117623921,0.46414911667753467,0.642099058026402,0.5356377170330272,0.3936760359242439,0.6073207849550832,0.4172899264559595,0.2944631319700979,0.47981046344496275,0.5293834554908983,0.3823002095622357,0.6035647387880878,0.4172899264559595,0.2944631319700979,0.47981046344496275,0.4294346242186107,0.30338557425245744,0.49348383969916493,0.0032336973015239336,0.001941606546739012,0.006511921440740316,0.5062329070632935,0.39736535907359505,0.5684647392679019,0.5511703494283434,0.432427346071446,0.6208380750843482,0.5507674820918496,0.4316058168104983,0.6206013457661951,0.6489659027389603,0.5225893061785796,0.7305327153015886,0.6684328165489728,0.5304927742513115,0.7515442196926662,776.0,458.0,1142.0,874.0,510.95000000000005,1272.0,1.6007326007326008,0.9061433447098977,2.6994053230035036,1.4212454212454213,0.8418646163897705,2.3753351206434314,0.04493744236504993,0.03149610715766249,0.053052223833901846,0.11209352903493874,0.08451482021922502,0.1254863660443496,0.00040286733649386175,0.04453457502855607,0.0016714824038653875,0.046608924768915316,9.999000099990002e-05,True,7,7,0.003999600039996
mot17,SDP,bytetrack,raw,SDP__bytetrack__raw,7,0.5407946795460237,0.4189976800779906,0.6077493671988794,0.550156619184483,0.43134595942424714,0.6203736949371769,0.5335237226148667,0.39069201791333286,0.6032465313732762,0.33438577190984003,0.23588913323604432,0.38261250583966927,0.5230026376097342,0.37202762552381796,0.59560204669101,0.33438577190984003,0.23588913323604432,0.38261250583966927,0.4309997062019037,0.30407090203972265,0.4925454088447784,0.0033005942318204847,0.001960739247374929,0.006773529903255326,0.46339859821798374,0.35883324014077006,0.5176267142732668,0.5380256552177066,0.41341945975444,0.606179290866792,0.5372578985575543,0.41200733896947045,0.6057214179464865,0.6411219977547395,0.5120252731981075,0.7197941976945574,0.6409610230015049,0.49989141379242263,0.7213694156836259,972.0,563.0,1429.0,2506.0,1418.0,3716.0,4.589743589743589,2.409937888198758,7.720250521920668,1.7802197802197801,1.0051194539249146,3.017699115044248,0.07462705699972288,0.04978910559952898,0.08979402717318481,0.18861686569989417,0.1322089534319712,0.22047209504902937,0.0007677566601522745,0.07385930033957061,0.002769024328317049,0.07739608132803993,9.999000099990002e-05,True,7,7,0.003999600039996
mot17,SDP,ocsort,interp,SDP__ocsort__interp,7,0.5281294066887652,0.4125628770813128,0.5922075106186733,0.5363382877649077,0.41716286678469316,0.6064666863269551,0.5214210321399944,0.3937768176819864,0.5840317015725222,0.3844696994717777,0.2781345717781165,0.43594258865838237,0.5111974354421583,0.3839798177859769,0.572628806732452,0.3844696994717777,0.2781345717781165,0.43594258865838237,0.4103668274120952,0.30094298094652894,0.4630305376239285,0.0031632839385448337,0.0019189160963825576,0.006310909831783943,0.47250756830850776,0.3700422487480759,0.5286397880672795,0.5254763043897889,0.40986663198399365,0.5893136029853568,0.5248658620242923,0.409308927791786,0.5886449834051656,0.6339187240179859,0.5103566872696262,0.7097218187911966,0.6352618502720464,0.49612650483086473,0.7166184749053626,657.0,418.0,946.0,967.0,568.0,1407.0249999999996,1.771062271062271,0.974817043268324,2.997971602434077,1.2032967032967032,0.7346938775510204,2.0133843212237093,0.05296873608128111,0.03637458293153584,0.062445118340047845,0.12672773597038062,0.09698113752508103,0.13941837468320956,0.0006104423654965663,0.05235829371578454,0.0026531022989763065,0.055621838380257416,9.999000099990002e-05,True,7,7,0.003999600039996
mot17,SDP,ocsort,raw,SDP__ocsort__raw,7,0.5105013063826791,0.3918493669875578,0.5741949583635416,0.5067569056096065,0.3843485350469808,0.5768407712384009,0.5154358199128825,0.38369357166971896,0.5784656266507188,0.3215600209162956,0.23196979368886098,0.3640368357329338,0.4989208467740547,0.3721470167046994,0.5577901780916732,0.3215600209162956,0.23196979368886098,0.3640368357329338,0.40849039176806146,0.2987566378051077,0.4604708215223574,0.0032048908220207806,0.0019319812089886167,0.006433900398242665,0.43471416204948876,0.334425278173204,0.484887776985027,0.5062983311927366,0.38817808554919925,0.5689309716266631,0.5051251605803988,0.3872264092755025,0.5674311084906478,0.6191070939468639,0.4894647381418171,0.6951114715793336,0.5990542935252055,0.45435838036326,0.680547003869163,747.0,471.0,1040.0,1777.0,1025.0,2592.0,3.2545787545787546,1.7198403826557773,5.325411987622988,1.3681318681318682,0.8154701609168789,2.2251184834123223,0.07158416914324783,0.04891053020534086,0.08554798852605772,0.17736082585775909,0.13538482939499924,0.2015978236331974,0.0011731706123377927,0.07041099853091004,0.004202975189942504,0.07578714433319034,9.999000099990002e-05,True,7,7,0.003999600039996
mot17,SDP,sort,interp,SDP__sort__interp,7,0.4958182213940006,0.3857353046130695,0.5506696988043123,0.5379836075658634,0.41209170325700617,0.611938222359437,0.4584232473568197,0.34545698526822644,0.5109541097937064,0.3855417513784535,0.2872461298693558,0.4345990447229869,0.45740936745939453,0.34316577014639665,0.5104610863592135,0.3855417513784535,0.2872461298693558,0.4345990447229869,0.3855567445199335,0.28726176412500176,0.43460925700291153,0.0034101080674182453,0.002033654556447229,0.007000597137981774,0.4647107200524773,0.3636037027482944,0.5151416031702378,0.4955366345208427,0.3851972230418343,0.5504879342922588,0.4954611345509434,0.3850627528442959,0.5504349733533428,0.5593725490196079,0.4572183475401068,0.6113666987907674,0.6178526585750287,0.4768783731374043,0.6984130490794758,863.0,558.0,1176.0,974.0,611.0,1360.074999999999,1.783882783882784,1.034106412005457,2.8926315789473684,1.5805860805860805,0.9487870619946092,2.509478672985782,0.030825914468365356,0.01896273221340017,0.03666004130007683,0.07186761608094105,0.049119561691619074,0.08054338762207003,7.54999698992509e-05,0.030750414498466105,0.0002815868731579352,0.03110750134152329,9.999000099990002e-05,True,7,7,0.003999600039996
mot17,SDP,sort,raw,SDP__sort__raw,7,0.492541345632859,0.381677440163809,0.5476035529316653,0.5296014811014652,0.4037488177863183,0.6036470556009151,0.45949126733275464,0.3464079385103059,0.5116820975416867,0.36705723213888275,0.2741063013015176,0.4134040026634224,0.45766971276822765,0.3406514164699455,0.5108703968915087,0.36705723213888275,0.2741063013015176,0.4134040026634224,0.38646405785800225,0.2876427976321876,0.435027962581325,0.0034037060815873856,0.0020306678135714536,0.006993092039331487,0.45466042066399087,0.35421339673384605,0.5048631406319053,0.4920386588118156,0.3802912476522366,0.5473918205758374,0.4918980864403009,0.3798220236111588,0.5473243336762189,0.5577234266286729,0.454438708511954,0.6104903786468032,0.6074338584289874,0.4643886931020036,0.6887597396793441,877.0,574.0,1184.0,1305.0,809.0,1838.0,2.39010989010989,1.3533519553072626,3.8371586417535006,1.6062271062271063,0.968365553602812,2.542654028436019,0.037378238147824705,0.024085906867041762,0.04402446894235301,0.0906124806293449,0.06195684494418591,0.10269107140847046,0.00014057237151465785,0.03723766577631005,0.0005026868210434299,0.037880924968868135,9.999000099990002e-05,True,7,7,0.003999600039996
mot17,YOLOX,botsort,interp,YOLOX__botsort__interp,7,0.7414901509987972,0.5778784331647773,0.8450538842617885,0.7684932907031005,0.6583484896798859,0.8577998359538153,0.7199580690975066,0.5095410836136349,0.8350438324042746,0.613105823345962,0.409174553691841,0.730958425222491,0.7125573206078114,0.49869515797112074,0.8272777929701718,0.613105823345962,0.409174553691841,0.730958425222491,0.6152975670119274,0.41053639956079735,0.7340849026715025,0.0035682657375015873,0.0021969909637262453,0.007142515999365691,0.7039813390822814,0.5381599648312316,0.8063651969222944,0.7395006761673423,0.5744762204006134,0.8431978008142657,0.7389797166104377,0.5734121111736284,0.8426718495510891,0.8051762319770138,0.6249869792312538,0.9153761572021424,0.8749298734605555,0.7488749862803205,0.9527575084482767,556.0,253.0,940.0249999999996,464.0,199.0,810.0,0.8498168498168498,0.3542600896860987,1.7079646017699115,1.0183150183150182,0.41379310344827586,2.0868544600938965,0.03551933708506083,0.02980427549404019,0.0444465780314065,0.09945149726184943,0.07760960400662859,0.11842355492010954,0.0005209595569045655,0.034998377528156266,0.0019894748314549515,0.03750881191651578,9.999000099990002e-05,True,7,7,0.003999600039996
mot17,YOLOX,botsort,raw,YOLOX__botsort__raw,7,0.7467802596135101,0.5847967267170441,0.8453396379191979,0.781491149412715,0.68188400851076,0.8604815541871544,0.7180309981353017,0.5045118278776726,0.8338552401468254,0.5517622168797013,0.34472902726361404,0.6692134583274764,0.7019724729235765,0.4748055918145244,0.8230829624437952,0.5517622168797013,0.34472902726361404,0.6692134583274764,0.6143375455322564,0.4064544816329261,0.7332573432015015,0.0036105342142502216,0.0022119976801726706,0.007286891682742752,0.6875402008666386,0.5208993562401426,0.7864759202307452,0.742398515554003,0.5756760283025408,0.8425470295169217,0.7412199043650136,0.5731708498017895,0.8418147561555124,0.8115618804871141,0.6346491085107077,0.9165950929027455,0.8873433840619073,0.7790696113311405,0.9542634011581576,785.0,335.0,1409.0,887.0,497.0,1344.0,1.6245421245421245,0.8526863084922011,2.9006024096385543,1.4377289377289377,0.5281065088757396,3.1285714285714286,0.05485831468736446,0.048820418544354816,0.06267455592434501,0.15021025604387517,0.11871735338824763,0.16703078237485713,0.0011786111889894313,0.05367970349837503,0.004381744059507087,0.05924005874687155,9.999000099990002e-05,True,7,7,0.003999600039996
mot17,YOLOX,bytetrack,interp,YOLOX__bytetrack__interp,7,0.7212490382785418,0.5495001549369736,0.832333632012067,0.7561690820095509,0.6432595719768097,0.8503790278558411,0.6935309916165814,0.47138056191425465,0.8213707396035139,0.5890677776305111,0.37138391114701585,0.7176245751147406,0.6846959160196294,0.4563096707693327,0.8147585647954815,0.5890677776305111,0.37138391114701585,0.7176245751147406,0.5939447722042176,0.37995638000514653,0.7210373159791797,0.003502227232590296,0.002179632499094511,0.006983813406559629,0.685081674265404,0.5100826443790026,0.7949325715031462,0.7188331629489507,0.5452198079689636,0.8305870665819194,0.7182338427583376,0.544230558907353,0.8301310308336822,0.7827849815720815,0.6032082290168002,0.9031288338573785,0.8649028914396645,0.7342705782495439,0.9491954945495924,832.0,392.0,1370.0,554.0,250.0,948.0,1.0146520146520146,0.4586708806050783,2.0094117647058822,1.5238095238095237,0.6696580852775543,2.92512077294686,0.033751488683546715,0.029789891193465756,0.0383207783457144,0.09562813838911832,0.07445121672334619,0.10522807325169437,0.0005993201906131507,0.033152168492933565,0.0024158753295910884,0.036167364013137804,9.999000099990002e-05,True,7,7,0.003999600039996
mot17,YOLOX,bytetrack,raw,YOLOX__bytetrack__raw,7,0.7277661291393922,0.5565945368482574,0.8337086019206241,0.7721688868964427,0.6704962711276768,0.8533063914335701,0.6913844067369969,0.46490410588246744,0.820107374068025,0.5296886509483643,0.3117362879168428,0.657816531789187,0.6722327167171178,0.4289215605097571,0.8095459868912342,0.5296886509483643,0.3117362879168428,0.657816531789187,0.5931353063359432,0.3767823360277807,0.7202531203681221,0.0035570124165089888,0.0021946776859703807,0.007177229095225506,0.670105476618654,0.49301951886932815,0.776154580150605,0.7224490072425719,0.5454860252112984,0.831089251314455,0.7210924139223696,0.5431139978091094,0.8304420920668603,0.7901366116579426,0.6123975573046754,0.9051394622740919,0.8827573310061712,0.775051367922134,0.9525487458290501,1043.0,488.0,1680.0,953.0,532.975,1444.0,1.7454212454212454,0.9076923076923077,3.128755364806867,1.9102564102564104,0.8051282051282052,3.743276283618582,0.05234353062391783,0.047682860611723,0.055149181135517034,0.14254406576875356,0.11257027063846547,0.15196696836142898,0.0013565933202023261,0.05098693730371551,0.0053171218968203204,0.057660652520738154,9.999000099990002e-05,True,7,7,0.003999600039996
mot17,YOLOX,ocsort,interp,YOLOX__ocsort__interp,7,0.7612593039601131,0.5946342195118968,0.8626882146599241,0.7941564359512445,0.6900112860366274,0.8725360969191376,0.7335620728877336,0.5156907608768976,0.8525730631025165,0.6222152653427687,0.4093637309749284,0.7430753586872761,0.7310936120227551,0.5108052596818832,0.8513623402785998,0.6222152653427687,0.4093637309749284,0.7430753586872761,0.6345032457723473,0.4227055206237324,0.7560999663095153,0.0033429069875291696,0.002119371802778142,0.006505800212300924,0.7211243866869673,0.5529172365390458,0.8209571914297855,0.7606016923542278,0.5931817573461836,0.8622791388686398,0.7604446312093488,0.5927913168557751,0.8621963710601108,0.8308998223883007,0.6737056714621078,0.9302319864092109,0.9000240433849525,0.8138257885275372,0.9561878480372485,416.0,193.0,670.0,510.0,233.0,858.0,0.9340659340659341,0.4154103852596315,1.8179871520342612,0.7619047619047619,0.36612903225806454,1.3736607142857138,0.03947730566726049,0.03538993951476821,0.04245231808576899,0.10887834667998642,0.09327518821403036,0.1133901653648165,0.00015706114487901157,0.039320244522381476,0.0006576116058852888,0.040134917273145776,9.999000099990002e-05,True,7,7,0.003999600039996
mot17,YOLOX,ocsort,raw,YOLOX__ocsort__raw,7,0.7487102189986438,0.5704536586716484,0.8553454920164457,0.7713742558942942,0.6503660784330523,0.8611958292858489,0.7300243325996089,0.5034783233049013,0.8487715403895799,0.5396269774262601,0.3063950964548474,0.6648915707267111,0.7244534730386506,0.4908102515852681,0.8468807745258351,0.5396269774262601,0.3063950964548474,0.6648915707267111,0.6343672790605678,0.41533817585845084,0.7534748755553353,0.0033508399808274427,0.0021120886038896365,0.006616616068400146,0.6801153029149932,0.4912130470265829,0.786371259795883,0.74723985196276,0.5667157015735612,0.8547652712601036,0.7469120631943782,0.5659156830982531,0.8546345860906935,0.8234176407473756,0.657354822940779,0.9250198117590109,0.8681799157591031,0.7578138019385671,0.9418075716188455,470.0,217.0,753.0,1119.0,615.0,1695.2499999999964,2.0494505494505493,1.0615384615384615,3.692622950819672,0.8608058608058609,0.3972055888223553,1.5942028985507246,0.06712454904776677,0.059684099117055966,0.08078487949704871,0.1848264956123905,0.15588875566461685,0.1992649688216485,0.00032778876838179816,0.06679676027938497,0.0014703670358837684,0.06859491608365054,9.999000099990002e-05,True,7,7,0.003999600039996
mot17,YOLOX,sort,interp,YOLOX__sort__interp,7,0.7146457032349364,0.5393694506309071,0.8153716358240817,0.7847912714705216,0.6774839778155048,0.8663150475876789,0.655027416807122,0.42604054200251945,0.7711248739853754,0.579008772111691,0.36687852370514,0.6924292887279307,0.6548966787891549,0.42587202637244875,0.7709618379626121,0.579008772111691,0.36687852370514,0.6924292887279307,0.5790522412423865,0.36694580052327047,0.692429721774487,0.003697372523564032,0.0022415096840115,0.007565640905338578,0.6868875183487003,0.5145584291754371,0.7853022897043425,0.7146087063918957,0.5393447124038367,0.815328354969862,0.7145956637661652,0.5393366440431326,0.8153126409925028,0.7574200275574424,0.5760729561252385,0.8599723245694469,0.8843246035067722,0.7875379358645133,0.9489623558676725,750.0,400.0,1176.0,806.0,417.0,1248.1249999999982,1.4761904761904763,0.703281027104137,2.7854077253218885,1.3736263736263736,0.6866385902568486,2.5811192930780535,0.027721188043195344,0.022052187125733202,0.031251774420814726,0.07588790667746392,0.05350250046135291,0.08491107093710593,1.304262573043058e-05,0.027708145417464913,3.6996843040704164e-05,0.027758184886236048,9.999000099990002e-05,True,7,7,0.003999600039996
mot17,YOLOX,sort,raw,YOLOX__sort__raw,7,0.7127930888535525,0.5358094267185559,0.814189413675997,0.7805744977633532,0.6703085456329829,0.8639117794735276,0.655065214391634,0.42464460810742394,0.7709058973222754,0.561755999380125,0.3403594947198571,0.6779666048911116,0.6542845695277149,0.4228662513273336,0.7706681334965906,0.561755999380125,0.3403594947198571,0.6779666048911116,0.5793655081764472,0.36607789733309437,0.6923692273041077,0.0036873561869464944,0.002233984832906591,0.0075636953948237445,0.6788731861805823,0.5006060246053444,0.7791870539216614,0.7125731917528944,0.5351435447353218,0.8141265487853323,0.7125167572352012,0.5349555039798018,0.8141071405980683,0.7569408752371252,0.5751348391512663,0.8594387570489376,0.8784473316295182,0.7773721853180245,0.946006501568955,762.0,405.975,1209.0,1004.0,543.0,1548.0,1.8388278388278387,0.9054054054054054,3.453271028037383,1.3956043956043955,0.6947228172174623,2.641686182669789,0.03370000557231201,0.02943269054272135,0.03968584475341841,0.09252857014758986,0.07239128908036963,0.10323025305749323,5.64345176931047e-05,0.033643571054618904,0.00021989710065817292,0.03391990267297018,9.999000099990002e-05,True,7,7,0.003999600039996
dancetrack,YOLOX,botsort,interp,YOLOX__botsort__interp,25,0.5169922767094642,0.4620475184893691,0.57801711253079,0.7603933986891338,0.709233567466534,0.8080059780566131,0.35328527678605437,0.29262568997235705,0.4276081345658652,0.2298267521177324,0.18259125798009568,0.2860202435183401,0.33842290257988417,0.2761333076169471,0.41457824389465725,0.25110525599197725,0.20479419278180166,0.30617136131974665,0.2298826956527462,0.1826898249329012,0.28607657085448807,0.0009662265098237733,0.0008060667455997207,0.0011746108066078137,0.44833377102672844,0.39692990926361593,0.5034268199253146,0.5113627348003608,0.45530583056576573,0.5735398442602092,0.5099006560914559,0.4537274572312442,0.5723444099845595,0.5022648340132165,0.4427894927922596,0.5727651865966649,0.8734210386057172,0.8141147087887805,0.9199994280943525,1819.0,1216.975,2520.0499999999993,2155.0,1341.0,3196.0249999999996,7.893772893772894,5.597524395172932,10.465705207457592,6.663003663003663,4.984893913809559,8.417601024473534,0.06302896377363232,0.05456499146090105,0.07404703246634747,0.10859615046215176,0.08892379486195576,0.1342792419284373,0.0014620787089049125,0.061566885064727406,0.005629541909103475,0.0686585056827358,9.999000099990002e-05,True,25,25,0.003999600039996
dancetrack,YOLOX,botsort,raw,YOLOX__botsort__raw,25,0.5224248633782823,0.468559611245975,0.582652885669433,0.7807969870802175,0.7384383058765656,0.8210533559241658,0.3513027145132541,0.29034510532913255,0.425295106260136,0.19252545339800822,0.15268422008025895,0.23945299880251567,0.3146293158753393,0.2538098741923012,0.38680265302679273,0.19778611048257602,0.15847299483038715,0.24414357398375552,0.2367541482229305,0.18880970105866582,0.2930328342318847,0.0009797212269569277,0.0008138371815084425,0.0011968617625351008,0.43209146428665374,0.3836944128675491,0.4831782847977149,0.5078284536891421,0.45211874707866273,0.5684606548147637,0.5041900620042915,0.44812187572299705,0.5647760290212784,0.5061724269300948,0.4470555337765566,0.576280238463762,0.8939319914012116,0.8505278809178746,0.9290409565996814,2456.0,1622.0,3442.0249999999996,3141.0,2104.0,4386.074999999999,11.505494505494505,8.696608588041173,14.589004237288137,8.996336996336996,6.550146504543577,11.710297878742288,0.07573698940248835,0.06549960643078216,0.0878823810385302,0.1221038624773311,0.09809568036768024,0.14983193428861086,0.0036383916848505837,0.07209859771763777,0.014596409689140222,0.09033339909162857,9.999000099990002e-05,True,25,25,0.003999600039996
dancetrack,YOLOX,bytetrack,interp,YOLOX__bytetrack__interp,25,0.44648691007071123,0.4014604788223786,0.4947659446246146,0.6897231723813878,0.6501076767403369,0.7264577917908677,0.2906012798581294,0.24257905427314785,0.34830213120404746,0.17415549780855175,0.13954625383367555,0.2138747002091195,0.27275258188890555,0.22355269072292955,0.3304477756649692,0.18886731790520486,0.15542598969493374,0.22716663533729708,0.17484610432617792,0.14054123944248198,0.21421685506487345,0.0009604157692559056,0.0008015820291266543,0.0011648391181545057,0.37613494750602233,0.3361303740688573,0.41826413512782334,0.4393464762616416,0.3939053110986365,0.48844081674096435,0.4376590264609761,0.3919904247205203,0.48683501441932664,0.47080814301451135,0.4147505124239968,0.5370535566304864,0.8514799154334038,0.7937616129784343,0.8979642724903629,2003.0,1380.975,2714.0249999999996,2850.0,1908.0,3977.0,10.43956043956044,7.799982078853047,13.280343903692286,7.336996336996337,5.645972130059722,9.059277777777776,0.06321152875561925,0.054352800155337354,0.07374139717365608,0.09859708408035381,0.08097637979352358,0.12010334294490652,0.0016874498006654859,0.061524078954953765,0.007140433809069646,0.0703519625646889,9.999000099990002e-05,True,25,25,0.003999600039996
dancetrack,YOLOX,bytetrack,raw,YOLOX__bytetrack__raw,25,0.45016167381269656,0.40590566341720186,0.49768098171104697,0.7069794858875378,0.6759817364405861,0.7372443148544194,0.28820826966768853,0.23998485824553498,0.34583845297390825,0.14361652238889538,0.11406625380303895,0.17825755353324643,0.2477665025742248,0.2010404840642797,0.3022792990426701,0.14674851625637036,0.11774184844626659,0.18089861905962848,0.17835999167226801,0.14343204891012906,0.21842793953272038,0.0009725689847981504,0.0008087735071719557,0.0011854910884802417,0.3609812409691868,0.3227378301230787,0.4013711850826063,0.4330020315716541,0.3881564423969908,0.48073928674985955,0.42933673945735,0.3842975755037065,0.4771813945854317,0.4758170168034406,0.420495545053407,0.5410786000631572,0.8732744683497078,0.8319367178834076,0.9086116751885948,2651.0,1821.975,3594.0,3769.0,2613.975,5130.074999999999,13.805860805860807,10.53628787878788,17.308440875939095,9.71062271062271,7.40356412952895,12.117434764309763,0.0720207906024673,0.06273517774442228,0.08259768374755969,0.10414998018532942,0.0853756083572943,0.12631882630301586,0.0036652921143041084,0.06835549848816319,0.01715964224104244,0.08918043284350974,9.999000099990002e-05,True,25,25,0.003999600039996
dancetrack,YOLOX,ocsort,interp,YOLOX__ocsort__interp,25,0.5288753550763744,0.47877879969576687,0.5833618447971423,0.7852345590245298,0.7458023904154281,0.8239162690177125,0.35768764248002627,0.29921710816526054,0.4251668658560777,0.21915963779777245,0.17353988655415192,0.2718645337624451,0.3309469235011804,0.2708533616090801,0.40068952711727646,0.23640362293787318,0.19216001191327758,0.2877614725587775,0.22572118270318073,0.17901788060777732,0.27922598186188335,0.0009570401465932334,0.0007949333705968042,0.001164905377614069,0.450859785729728,0.402944220766535,0.5017112617019497,0.5185629667933451,0.46743988056963703,0.5744399904078131,0.5163341752829185,0.4650304168068901,0.5723447164244942,0.5268387285909188,0.469022818224736,0.5911123501937089,0.896445893367918,0.8618184208892411,0.9270926337543972,1546.0,1085.0,2070.0,2267.0,1497.975,3199.0,8.304029304029305,6.1258429118773945,10.701605633802815,5.663003663003663,4.397254689754689,6.977200547823513,0.06770318106361711,0.05984515495950419,0.07759201178318229,0.11178728570340793,0.09291339120723113,0.135009963472475,0.002228791510426653,0.06547438955319046,0.010312388283029272,0.07801556934664639,9.999000099990002e-05,True,25,25,0.003999600039996
dancetrack,YOLOX,ocsort,raw,YOLOX__ocsort__raw,25,0.5224635050392652,0.47135274040659564,0.5778540935356096,0.7718149723634592,0.7301096176895866,0.8122776534278058,0.3548353398585507,0.29541352716160324,0.42306554685770426,0.16881524853560945,0.13135207083992162,0.21292891882914997,0.3135031999756687,0.25244257975557155,0.3829039819259146,0.17070828863014423,0.13310672149038458,0.21482993123105548,0.24037427261409255,0.19302055920771197,0.29379645063017235,0.0009676275592969255,0.0008025977364034046,0.0011807055260253455,0.41567181936474884,0.3694744492934177,0.4651305430022021,0.5062777183205486,0.4533726542299159,0.5629191052314846,0.5028125551877647,0.44958776114969434,0.559590087469527,0.5230751247793713,0.46495023140236813,0.5878133313665942,0.8726526551423952,0.8359611372621499,0.9059320383437047,1905.0,1325.975,2563.0249999999996,3722.0,2592.0,5058.124999999998,13.633699633699633,10.419241338112306,17.20690932311622,6.978021978021978,5.293417459271118,8.8625434602649,0.09060589895579974,0.08020590613780075,0.10316774294569897,0.14468795144005928,0.11724663492177063,0.17584694210985216,0.0034651631327838883,0.08714073582301585,0.01618578671871662,0.10679168567451636,9.999000099990002e-05,True,25,25,0.003999600039996
dancetrack,YOLOX,sort,interp,YOLOX__sort__interp,25,0.4410814865671359,0.39219390822124267,0.49222120888820037,0.7538171536796208,0.7224741662355317,0.7846677697557405,0.2599296228640439,0.20963153918027938,0.3162419790940356,0.19430815628080236,0.15661441803910495,0.23641116787956634,0.25791468806658413,0.20738549321806554,0.3143614458183652,0.1970248748684936,0.1594616496820414,0.23897378541014055,0.1943088423313557,0.15661488826396383,0.23641198931905735,0.0010786770605072634,0.0009026621677383785,0.0013038120968569852,0.3986764981008515,0.3555918347119394,0.4432508730841856,0.4402045026574936,0.3911719691159046,0.49130598191597763,0.4399586434065301,0.3907603037407236,0.49104043757705784,0.4051134134803978,0.3465937341689524,0.4706179385496553,0.8850978023344644,0.8516113637674584,0.9156507166741836,2558.0,1766.0,3490.0999999999985,2809.0,1895.95,3896.0249999999996,10.28937728937729,7.780986146283331,12.984004430379747,9.36996336996337,7.21051124949779,11.669944516268044,0.04152800455664213,0.034452252162624764,0.050008991495054146,0.06360653178578177,0.05021229481844001,0.07917487826950216,0.00024585925096348715,0.04128214530567864,0.0008769839096423038,0.04240498846628443,9.999000099990002e-05,True,25,25,0.003999600039996
dancetrack,YOLOX,sort,raw,YOLOX__sort__raw,25,0.439769502004287,0.39083060279895027,0.49091459635869195,0.7489650648165932,0.7169176010644989,0.7805924816935094,0.25998623627267237,0.20955446181904938,0.31632061746975,0.1781996914560689,0.1431393988437436,0.21741416253867293,0.2562799938054983,0.20557685107755239,0.31303499376635185,0.17989630260586353,0.14446890712514118,0.21907770615637198,0.19497870106126933,0.1573947969234389,0.2369925568377211,0.0010782992459219907,0.000902498205607941,0.0013031140212420764,0.38800749793144645,0.34553044948703393,0.4318234013452943,0.4381480864138067,0.38887647989012014,0.4893447229336273,0.43773041645441974,0.3884187682443003,0.4889287103116477,0.40546028828502667,0.3468832029536841,0.470765638608969,0.878191234210386,0.8435018695789706,0.9099360553182626,2620.0,1817.975,3572.074999999999,3314.0,2276.975,4547.0,12.139194139194139,9.240874422761806,15.285726905603232,9.597069597069597,7.380037975137033,11.959259259259259,0.05014058848236025,0.041811884993131626,0.0598046804284747,0.07808030234942942,0.06107690628953987,0.09733516851234854,0.00041766995938696816,0.04972291852297328,0.0016214155904802907,0.05176200407284054,9.999000099990002e-05,True,25,25,0.003999600039996
