dataset,detector,a,b,comparator,d_fahota,d_fahota_lo,d_fahota_hi,d_comp,d_comp_lo,d_comp_hi,p_fahota,p_comp,opposite,frac_boot_opposite,p_fahota_holm,p_comp_holm,sig_reversal
dancetrack,yolo26s,yolo26s__botsort__interp,yolo26s__botsort__raw,PT21,0.027894615991277072,0.023348229879887626,0.03306087558689619,0.010854778919774766,0.008131721224550184,0.014183940909906777,0.00019998000199980003,0.00019998000199980003,False,0.0,0.022397760223977603,0.022397760223977603,False
dancetrack,yolo26s,yolo26s__botsort__interp,yolo26s__bytetrack__interp,PT21,0.04523454538176991,0.031161982494935993,0.05870620794307156,0.04380566100004618,0.028171464623544445,0.05902026512598625,0.00019998000199980003,0.00019998000199980003,False,0.0,0.022397760223977603,0.022397760223977603,False
dancetrack,yolo26s,yolo26s__botsort__interp,yolo26s__bytetrack__raw,PT21,0.06854974753264825,0.05363700782209441,0.082979154418353,0.05453814159568093,0.039331764437118284,0.06942405448925139,0.00019998000199980003,0.00019998000199980003,False,0.0,0.022397760223977603,0.022397760223977603,False
dancetrack,yolo26s,yolo26s__botsort__interp,yolo26s__ocsort__interp,PT21,0.007630442396531378,-0.0025775853325042436,0.018043192376112578,-0.0007207289852881882,-0.014804696376887718,0.013391111161579488,0.1377862213778622,0.930906909309069,True,0.4658,1.0,1.0,False
dancetrack,yolo26s,yolo26s__botsort__interp,yolo26s__ocsort__raw,PT21,0.1011025080883931,0.08623201460839723,0.11634261556460834,0.03670722929141107,0.025392855109205272,0.048013297741328384,0.00019998000199980003,0.00019998000199980003,False,0.0,0.022397760223977603,0.022397760223977603,False
dancetrack,yolo26s,yolo26s__botsort__interp,yolo26s__sort__interp,PT21,0.07397021590581215,0.05598508187844358,0.09188351690403827,0.0901048103700608,0.06920707857473281,0.11128096544661825,0.00019998000199980003,0.00019998000199980003,False,0.0,0.022397760223977603,0.022397760223977603,False
dancetrack,yolo26s,yolo26s__botsort__interp,yolo26s__sort__raw,PT21,0.10697868096072471,0.08658833160169159,0.1278081566171182,0.09730538950896117,0.07578920278607063,0.11896964671039363,0.00019998000199980003,0.00019998000199980003,False,0.0,0.022397760223977603,0.022397760223977603,False
dancetrack,yolo26s,yolo26s__botsort__raw,yolo26s__bytetrack__interp,PT21,0.017339929390492836,0.004237462811130731,0.0300282014196417,0.032950882080271415,0.017497252456716027,0.047923368479285224,0.0103989601039896,0.00019998000199980003,False,0.0051,0.1351864813518648,0.022397760223977603,False
dancetrack,yolo26s,yolo26s__botsort__raw,yolo26s__bytetrack__raw,PT21,0.04065513154137118,0.027933008773694895,0.05281964465032078,0.04368336267590617,0.028905167239424254,0.05795165547690261,0.00019998000199980003,0.00019998000199980003,False,0.0,0.022397760223977603,0.022397760223977603,False
dancetrack,yolo26s,yolo26s__botsort__raw,yolo26s__ocsort__interp,PT21,-0.020264173594745694,-0.030868701963284017,-0.009552924936472607,-0.011575507905062954,-0.026446958919253825,0.003127592741616382,0.0005999400059994001,0.12138786121387861,False,0.0604,0.022397760223977603,1.0,False
dancetrack,yolo26s,yolo26s__botsort__raw,yolo26s__ocsort__raw,PT21,0.07320789209711603,0.06088732993462317,0.08514519915629763,0.025852450371636304,0.014666848362044384,0.03700756414921734,0.00019998000199980003,0.00019998000199980003,False,0.0,0.022397760223977603,0.022397760223977603,False
dancetrack,yolo26s,yolo26s__botsort__raw,yolo26s__sort__interp,PT21,0.04607559991453508,0.030517925478010986,0.060811992430292894,0.07925003145028603,0.059019058544906064,0.09947086531263251,0.00019998000199980003,0.00019998000199980003,False,0.0,0.022397760223977603,0.022397760223977603,False
dancetrack,yolo26s,yolo26s__botsort__raw,yolo26s__sort__raw,PT21,0.07908406496944764,0.061367679696603714,0.09685021742198832,0.0864506105891864,0.06576634108388717,0.10723974988814317,0.00019998000199980003,0.00019998000199980003,False,0.0,0.022397760223977603,0.022397760223977603,False
dancetrack,yolo26s,yolo26s__bytetrack__interp,yolo26s__bytetrack__raw,PT21,0.023315202150878345,0.018658924667374184,0.02832629847927516,0.010732480595634752,0.008010635139362645,0.013837886551935406,0.00019998000199980003,0.00019998000199980003,False,0.0,0.022397760223977603,0.022397760223977603,False
dancetrack,yolo26s,yolo26s__bytetrack__interp,yolo26s__ocsort__interp,PT21,-0.03760410298523853,-0.05216435181877913,-0.020709943011332062,-0.04452638998533437,-0.06178198609793676,-0.02548856704752838,0.00019998000199980003,0.00019998000199980003,False,0.0,0.022397760223977603,0.022397760223977603,False
dancetrack,yolo26s,yolo26s__bytetrack__interp,yolo26s__ocsort__raw,PT21,0.0558679627066232,0.03924302894302613,0.07262112602981484,-0.007098431708635111,-0.02447413944055901,0.012342926437076547,0.00019998000199980003,0.42895710428957107,True,0.7856,0.022397760223977603,1.0,False
dancetrack,yolo26s,yolo26s__bytetrack__interp,yolo26s__sort__interp,PT21,0.028735670524042245,0.010725349867262887,0.04710990327473303,0.046299149370014614,0.024462987195548777,0.06858435331548357,0.0017998200179982,0.00019998000199980003,False,0.0008,0.0287971202879712,0.022397760223977603,False
dancetrack,yolo26s,yolo26s__bytetrack__interp,yolo26s__sort__raw,PT21,0.061744135578954806,0.041154661041136215,0.08235147296366233,0.05349972850891499,0.030611227656955165,0.07671650798218985,0.00019998000199980003,0.00019998000199980003,False,0.0,0.022397760223977603,0.022397760223977603,False
dancetrack,yolo26s,yolo26s__bytetrack__raw,yolo26s__ocsort__interp,PT21,-0.060919305136116875,-0.07637909114146545,-0.04396742660128375,-0.05525887058096912,-0.07297312384365552,-0.03622441786031147,0.00019998000199980003,0.00019998000199980003,False,0.0,0.022397760223977603,0.022397760223977603,False
dancetrack,yolo26s,yolo26s__bytetrack__raw,yolo26s__ocsort__raw,PT21,0.03255276055574485,0.01864829131696726,0.04699205361320475,-0.017830912304269864,-0.034536052266468505,0.0005524868326418237,0.00019998000199980003,0.0565943405659434,True,0.9718,0.022397760223977603,0.565943405659434,False
dancetrack,yolo26s,yolo26s__bytetrack__raw,yolo26s__sort__interp,PT21,0.0054204683731639,-0.00935207578997086,0.02042636332321961,0.03556666877437986,0.015424294487051477,0.05594687102213741,0.4951504849515049,0.0005999400059994001,False,0.2473,1.0,0.022397760223977603,False
dancetrack,yolo26s,yolo26s__bytetrack__raw,yolo26s__sort__raw,PT21,0.03842893342807646,0.020966264305855287,0.055541425985783904,0.04276724791328024,0.021670702957593907,0.06396522966212305,0.00019998000199980003,0.00019998000199980003,False,0.0,0.022397760223977603,0.022397760223977603,False
dancetrack,yolo26s,yolo26s__ocsort__interp,yolo26s__ocsort__raw,PT21,0.09347206569186173,0.07833570634970095,0.10902423412343465,0.03742795827669926,0.029055227803282416,0.04606376586107042,0.00019998000199980003,0.00019998000199980003,False,0.0,0.022397760223977603,0.022397760223977603,False
dancetrack,yolo26s,yolo26s__ocsort__interp,yolo26s__sort__interp,PT21,0.06633977350928077,0.04699747173939683,0.08541238777940159,0.09082553935534898,0.06683625825022473,0.11460197059511197,0.00019998000199980003,0.00019998000199980003,False,0.0,0.022397760223977603,0.022397760223977603,False
dancetrack,yolo26s,yolo26s__ocsort__interp,yolo26s__sort__raw,PT21,0.09934823856419334,0.07666215304198871,0.12194355691402674,0.09802611849424936,0.0732484438314174,0.12285153658021652,0.00019998000199980003,0.00019998000199980003,False,0.0,0.022397760223977603,0.022397760223977603,False
dancetrack,yolo26s,yolo26s__ocsort__raw,yolo26s__sort__interp,PT21,-0.027132292182580953,-0.03600857618273846,-0.019110637811649445,0.053397581078649725,0.03464155323863655,0.07161691298919318,0.00019998000199980003,0.00019998000199980003,True,1.0,0.022397760223977603,0.022397760223977603,True
dancetrack,yolo26s,yolo26s__ocsort__raw,yolo26s__sort__raw,PT21,0.005876172872331609,-0.0036664826384408392,0.014937222904910334,0.0605981602175501,0.041299476126094074,0.07958528244907648,0.22397760223977603,0.00019998000199980003,False,0.1119,1.0,0.022397760223977603,False
dancetrack,yolo26s,yolo26s__sort__interp,yolo26s__sort__raw,PT21,0.03300846505491256,0.026869004211830805,0.03916105031494674,0.007200579138900376,0.005710555633359439,0.008778584989029505,0.00019998000199980003,0.00019998000199980003,False,0.0,0.022397760223977603,0.022397760223977603,False
dancetrack,yolo26x,yolo26x__botsort__interp,yolo26x__botsort__raw,PT21,0.026104238117428957,0.01854151327807679,0.03449010903454471,0.011534685316616944,0.006694272809521255,0.016847738007918868,0.00019998000199980003,0.00019998000199980003,False,0.0,0.022397760223977603,0.022397760223977603,False
dancetrack,yolo26x,yolo26x__botsort__interp,yolo26x__bytetrack__interp,PT21,0.06718785261437749,0.049591834667370334,0.08648112174541984,0.06948564032593185,0.04952649654823735,0.09112429547943007,0.00019998000199980003,0.00019998000199980003,False,0.0,0.022397760223977603,0.022397760223977603,False
dancetrack,yolo26x,yolo26x__botsort__interp,yolo26x__bytetrack__raw,PT21,0.08749062417710951,0.06833683416185495,0.10842852767344353,0.08017446665153283,0.059502197770003123,0.10355015699598326,0.00019998000199980003,0.00019998000199980003,False,0.0,0.022397760223977603,0.022397760223977603,False
dancetrack,yolo26x,yolo26x__botsort__interp,yolo26x__ocsort__interp,PT21,0.003338486197816626,-0.007655533950620105,0.014533542007989607,-0.003403431993142303,-0.019978118254015714,0.013094496430703581,0.5503449655034497,0.7031296870312969,True,0.3734,1.0,1.0,False
dancetrack,yolo26x,yolo26x__botsort__interp,yolo26x__ocsort__raw,PT21,0.10756838489125992,0.09008116100353802,0.12861371465279883,0.03289646001058949,0.017168709024660972,0.050090418871764845,0.00019998000199980003,0.00019998000199980003,False,0.0,0.022397760223977603,0.022397760223977603,False
dancetrack,yolo26x,yolo26x__botsort__interp,yolo26x__sort__interp,PT21,0.08655278310633752,0.06660811285817245,0.10807144381391293,0.11015497186925838,0.08611519792796307,0.13697345052117715,0.00019998000199980003,0.00019998000199980003,False,0.0,0.022397760223977603,0.022397760223977603,False
dancetrack,yolo26x,yolo26x__botsort__interp,yolo26x__sort__raw,PT21,0.12747256180679734,0.1082273302426379,0.15004578474225044,0.11805176713669158,0.09405214369089722,0.14494166842065806,0.00019998000199980003,0.00019998000199980003,False,0.0,0.022397760223977603,0.022397760223977603,False
dancetrack,yolo26x,yolo26x__botsort__raw,yolo26x__bytetrack__interp,PT21,0.04108361449694853,0.02436498875465411,0.059764392017967925,0.05795095500931491,0.038741913640801345,0.07925670660480165,0.00019998000199980003,0.00019998000199980003,False,0.0,0.022397760223977603,0.022397760223977603,False
dancetrack,yolo26x,yolo26x__botsort__raw,yolo26x__bytetrack__raw,PT21,0.06138638605968055,0.044670888949844466,0.08040715025464282,0.06863978133491588,0.04885884089459647,0.09160005648993629,0.00019998000199980003,0.00019998000199980003,False,0.0,0.022397760223977603,0.022397760223977603,False
dancetrack,yolo26x,yolo26x__botsort__raw,yolo26x__ocsort__interp,PT21,-0.02276575191961233,-0.032691421921282056,-0.012887247755064198,-0.014938117309759247,-0.030809838408820848,-0.0002466415245415613,0.00019998000199980003,0.044795520447955206,False,0.0223,0.022397760223977603,0.49275072492750727,False
dancetrack,yolo26x,yolo26x__botsort__raw,yolo26x__ocsort__raw,PT21,0.08146414677383096,0.06701408832634824,0.09977257256426965,0.021361774693972546,0.007013955274322629,0.03650786336743423,0.00019998000199980003,0.0053994600539946005,False,0.0026,0.022397760223977603,0.0755924407559244,False
dancetrack,yolo26x,yolo26x__botsort__raw,yolo26x__sort__interp,PT21,0.06044854498890856,0.04531916780597253,0.07758696870035205,0.09862028655264143,0.07707210961490285,0.12292601718893276,0.00019998000199980003,0.00019998000199980003,False,0.0,0.022397760223977603,0.022397760223977603,False
dancetrack,yolo26x,yolo26x__botsort__raw,yolo26x__sort__raw,PT21,0.10136832368936838,0.08641150027148586,0.12029797237352392,0.10651708182007463,0.08526881255131005,0.13079595403318686,0.00019998000199980003,0.00019998000199980003,False,0.0,0.022397760223977603,0.022397760223977603,False
dancetrack,yolo26x,yolo26x__bytetrack__interp,yolo26x__bytetrack__raw,PT21,0.020302771562732025,0.015261019492626024,0.026048942554442556,0.010688826325600975,0.007178141754186016,0.01475928792508542,0.00019998000199980003,0.00019998000199980003,False,0.0,0.022397760223977603,0.022397760223977603,False
dancetrack,yolo26x,yolo26x__bytetrack__interp,yolo26x__ocsort__interp,PT21,-0.06384936641656086,-0.07912146224622306,-0.04911293408290202,-0.07288907231907416,-0.09005348205870974,-0.056605314139600384,0.00019998000199980003,0.00019998000199980003,False,0.0,0.022397760223977603,0.022397760223977603,False
dancetrack,yolo26x,yolo26x__bytetrack__interp,yolo26x__ocsort__raw,PT21,0.04038053227688243,0.024951290955625188,0.057018400804618626,-0.03658918031534236,-0.054881567598468614,-0.018633835775932635,0.00019998000199980003,0.00019998000199980003,True,1.0,0.022397760223977603,0.022397760223977603,True
dancetrack,yolo26x,yolo26x__bytetrack__interp,yolo26x__sort__interp,PT21,0.01936493049196003,0.003333592351367925,0.033605967902629305,0.040669331543326526,0.021973842304583005,0.05730340228516692,0.019198080191980802,0.00019998000199980003,False,0.0095,0.23037696230376964,0.022397760223977603,False
dancetrack,yolo26x,yolo26x__bytetrack__interp,yolo26x__sort__raw,PT21,0.06028470919241985,0.047188665596479495,0.07350202943450797,0.048566126810759724,0.029983922811321003,0.06540403342083208,0.00019998000199980003,0.00019998000199980003,False,0.0,0.022397760223977603,0.022397760223977603,False
dancetrack,yolo26x,yolo26x__bytetrack__raw,yolo26x__ocsort__interp,PT21,-0.08415213797929288,-0.1008797276152722,-0.06824253752867998,-0.08357789864467513,-0.10231740211815299,-0.06633406630377182,0.00019998000199980003,0.00019998000199980003,False,0.0,0.022397760223977603,0.022397760223977603,False
dancetrack,yolo26x,yolo26x__bytetrack__raw,yolo26x__ocsort__raw,PT21,0.020077760714150406,0.00635958504504508,0.036072851267794845,-0.04727800664094334,-0.06611955275903186,-0.02914795683070788,0.0035996400359964,0.00019998000199980003,True,0.9983,0.053994600539946,0.022397760223977603,False
dancetrack,yolo26x,yolo26x__bytetrack__raw,yolo26x__sort__interp,PT21,-0.0009378410707719942,-0.014086591419183402,0.010798975537246729,0.02998050521772555,0.013068444243899226,0.04492000214700086,0.9153084691530847,0.0011998800119988001,True,0.5419,1.0,0.022397760223977603,False
dancetrack,yolo26x,yolo26x__bytetrack__raw,yolo26x__sort__raw,PT21,0.039981937629687825,0.030188035111106883,0.050248656094918714,0.03787730048515875,0.020857726323433884,0.05286237622444737,0.00019998000199980003,0.00019998000199980003,False,0.0,0.022397760223977603,0.022397760223977603,False
dancetrack,yolo26x,yolo26x__ocsort__interp,yolo26x__ocsort__raw,PT21,0.10422989869344329,0.09246052834247244,0.11933606811578945,0.03629989200373179,0.03061932685764585,0.043273262556247735,0.00019998000199980003,0.00019998000199980003,False,0.0,0.022397760223977603,0.022397760223977603,False
dancetrack,yolo26x,yolo26x__ocsort__interp,yolo26x__sort__interp,PT21,0.08321429690852089,0.0668047604723797,0.1002533186718334,0.11355840386240068,0.09338897922128464,0.13544035479973154,0.00019998000199980003,0.00019998000199980003,False,0.0,0.022397760223977603,0.022397760223977603,False
dancetrack,yolo26x,yolo26x__ocsort__interp,yolo26x__sort__raw,PT21,0.12413407560898071,0.10896874086543136,0.14183671577459203,0.12145519912983388,0.10140659963770529,0.14340319673428006,0.00019998000199980003,0.00019998000199980003,False,0.0,0.022397760223977603,0.022397760223977603,False
dancetrack,yolo26x,yolo26x__ocsort__raw,yolo26x__sort__interp,PT21,-0.0210156017849224,-0.036020829828162335,-0.007886239798275865,0.07725851185866889,0.05792608997453103,0.09786306040730651,0.0013998600139986002,0.00019998000199980003,True,0.9994,0.023797620237976203,0.022397760223977603,True
dancetrack,yolo26x,yolo26x__ocsort__raw,yolo26x__sort__raw,PT21,0.01990417691553742,0.010015038198342607,0.029220359472596078,0.08515530712610209,0.06608448806546403,0.10558631233870917,0.00039996000399960006,0.00019998000199980003,False,0.0001,0.022397760223977603,0.022397760223977603,False
dancetrack,yolo26x,yolo26x__sort__interp,yolo26x__sort__raw,PT21,0.04091977870045982,0.03468306202838921,0.04879974735568793,0.007896795267433199,0.006922426542948052,0.009133678574935494,0.00019998000199980003,0.00019998000199980003,False,0.0,0.022397760223977603,0.022397760223977603,False
dancetrack,yolo26s,yolo26s__botsort__interp,yolo26s__botsort__raw,HOTA,0.027894615991277072,0.023348229879887626,0.03306087558689619,0.0016000388247455755,0.00045453319174802443,0.0030712854487782186,0.00019998000199980003,0.0047995200479952005,False,0.0023,0.022397760223977603,0.08159184081591841,False
dancetrack,yolo26s,yolo26s__botsort__interp,yolo26s__bytetrack__interp,HOTA,0.04523454538176991,0.031161982494935993,0.05870620794307156,0.04241371436528768,0.026668171615982592,0.057993686482123136,0.00019998000199980003,0.00019998000199980003,False,0.0,0.022397760223977603,0.022397760223977603,False
dancetrack,yolo26s,yolo26s__botsort__interp,yolo26s__bytetrack__raw,HOTA,0.06854974753264825,0.05363700782209441,0.082979154418353,0.0440702849269069,0.028548726733829244,0.059631304328967086,0.00019998000199980003,0.00019998000199980003,False,0.0,0.022397760223977603,0.022397760223977603,False
dancetrack,yolo26s,yolo26s__botsort__interp,yolo26s__ocsort__interp,HOTA,0.007630442396531378,-0.0025775853325042436,0.018043192376112578,-0.0022861373925002204,-0.017279322334252542,0.0124179487987419,0.1377862213778622,0.7725227477252274,True,0.545,1.0,1.0,False
dancetrack,yolo26s,yolo26s__botsort__interp,yolo26s__ocsort__raw,HOTA,0.1011025080883931,0.08623201460839723,0.11634261556460834,0.032827189324590944,0.020043725502012878,0.04516807411990711,0.00019998000199980003,0.00019998000199980003,False,0.0,0.022397760223977603,0.022397760223977603,False
dancetrack,yolo26s,yolo26s__botsort__interp,yolo26s__sort__interp,HOTA,0.07397021590581215,0.05598508187844358,0.09188351690403827,0.09273106059313763,0.07202369752240395,0.11398675521048268,0.00019998000199980003,0.00019998000199980003,False,0.0,0.022397760223977603,0.022397760223977603,False
dancetrack,yolo26s,yolo26s__botsort__interp,yolo26s__sort__raw,HOTA,0.10697868096072471,0.08658833160169159,0.1278081566171182,0.09986453710683896,0.07852911914397312,0.12169895848248857,0.00019998000199980003,0.00019998000199980003,False,0.0,0.022397760223977603,0.022397760223977603,False
dancetrack,yolo26s,yolo26s__botsort__raw,yolo26s__bytetrack__interp,HOTA,0.017339929390492836,0.004237462811130731,0.0300282014196417,0.040813675540542105,0.024657136309270456,0.05661042723413771,0.0103989601039896,0.00019998000199980003,False,0.0051,0.1663833616638336,0.022397760223977603,False
dancetrack,yolo26s,yolo26s__botsort__raw,yolo26s__bytetrack__raw,HOTA,0.04065513154137118,0.027933008773694895,0.05281964465032078,0.042470246102161324,0.026740042055098955,0.05807298102269592,0.00019998000199980003,0.00019998000199980003,False,0.0,0.022397760223977603,0.022397760223977603,False
dancetrack,yolo26s,yolo26s__botsort__raw,yolo26s__ocsort__interp,HOTA,-0.020264173594745694,-0.030868701963284017,-0.009552924936472607,-0.003886176217245796,-0.019046072290599823,0.010836581824355323,0.0005999400059994001,0.6267373262673732,False,0.3131,0.022397760223977603,1.0,False
dancetrack,yolo26s,yolo26s__botsort__raw,yolo26s__ocsort__raw,HOTA,0.07320789209711603,0.06088732993462317,0.08514519915629763,0.03122715049984537,0.018606569117106033,0.04319912836946151,0.00019998000199980003,0.00019998000199980003,False,0.0,0.022397760223977603,0.022397760223977603,False
dancetrack,yolo26s,yolo26s__botsort__raw,yolo26s__sort__interp,HOTA,0.04607559991453508,0.030517925478010986,0.060811992430292894,0.09113102176839205,0.07020956148693071,0.11231494639385138,0.00019998000199980003,0.00019998000199980003,False,0.0,0.022397760223977603,0.022397760223977603,False
dancetrack,yolo26s,yolo26s__botsort__raw,yolo26s__sort__raw,HOTA,0.07908406496944764,0.061367679696603714,0.09685021742198832,0.09826449828209338,0.07693382060851381,0.11998872834863421,0.00019998000199980003,0.00019998000199980003,False,0.0,0.022397760223977603,0.022397760223977603,False
dancetrack,yolo26s,yolo26s__bytetrack__interp,yolo26s__bytetrack__raw,HOTA,0.023315202150878345,0.018658924667374184,0.02832629847927516,0.0016565705616192195,0.00031151006283550587,0.003414421530168132,0.00019998000199980003,0.0173982601739826,False,0.0086,0.022397760223977603,0.260973902609739,False
dancetrack,yolo26s,yolo26s__bytetrack__interp,yolo26s__ocsort__interp,HOTA,-0.03760410298523853,-0.05216435181877913,-0.020709943011332062,-0.0446998517577879,-0.06211186409166018,-0.025295836611440522,0.00019998000199980003,0.00019998000199980003,False,0.0,0.022397760223977603,0.022397760223977603,False
dancetrack,yolo26s,yolo26s__bytetrack__interp,yolo26s__ocsort__raw,HOTA,0.0558679627066232,0.03924302894302613,0.07262112602981484,-0.009586525040696736,-0.027050729433450053,0.01022047141840137,0.00019998000199980003,0.30196980301969806,True,0.8491,0.022397760223977603,1.0,False
dancetrack,yolo26s,yolo26s__bytetrack__interp,yolo26s__sort__interp,HOTA,0.028735670524042245,0.010725349867262887,0.04710990327473303,0.050317346227849946,0.029114788331749037,0.07232880249475385,0.0017998200179982,0.00019998000199980003,False,0.0008,0.0341965803419658,0.022397760223977603,False
dancetrack,yolo26s,yolo26s__bytetrack__interp,yolo26s__sort__raw,HOTA,0.061744135578954806,0.041154661041136215,0.08235147296366233,0.05745082274155128,0.035438045804191305,0.0802388012218778,0.00019998000199980003,0.00019998000199980003,False,0.0,0.022397760223977603,0.022397760223977603,False
dancetrack,yolo26s,yolo26s__bytetrack__raw,yolo26s__ocsort__interp,HOTA,-0.060919305136116875,-0.07637909114146545,-0.04396742660128375,-0.04635642231940712,-0.06371069891725532,-0.02729843298377674,0.00019998000199980003,0.00019998000199980003,False,0.0,0.022397760223977603,0.022397760223977603,False
dancetrack,yolo26s,yolo26s__bytetrack__raw,yolo26s__ocsort__raw,HOTA,0.03255276055574485,0.01864829131696726,0.04699205361320475,-0.011243095602315956,-0.028331657519332035,0.007899294039729545,0.00019998000199980003,0.21837816218378162,True,0.8909,0.022397760223977603,1.0,False
dancetrack,yolo26s,yolo26s__bytetrack__raw,yolo26s__sort__interp,HOTA,0.0054204683731639,-0.00935207578997086,0.02042636332321961,0.04866077566623073,0.027755723403260896,0.0703692405494263,0.4951504849515049,0.00019998000199980003,False,0.2475,1.0,0.022397760223977603,False
dancetrack,yolo26s,yolo26s__bytetrack__raw,yolo26s__sort__raw,HOTA,0.03842893342807646,0.020966264305855287,0.055541425985783904,0.05579425217993206,0.033929781470717554,0.0784235016263411,0.00019998000199980003,0.00019998000199980003,False,0.0,0.022397760223977603,0.022397760223977603,False
dancetrack,yolo26s,yolo26s__ocsort__interp,yolo26s__ocsort__raw,HOTA,0.09347206569186173,0.07833570634970095,0.10902423412343465,0.035113326717091164,0.027493812103049495,0.04310614751237925,0.00019998000199980003,0.00019998000199980003,False,0.0,0.022397760223977603,0.022397760223977603,False
dancetrack,yolo26s,yolo26s__ocsort__interp,yolo26s__sort__interp,HOTA,0.06633977350928077,0.04699747173939683,0.08541238777940159,0.09501719798563785,0.07078421140937766,0.11910564677987774,0.00019998000199980003,0.00019998000199980003,False,0.0,0.022397760223977603,0.022397760223977603,False
dancetrack,yolo26s,yolo26s__ocsort__interp,yolo26s__sort__raw,HOTA,0.09934823856419334,0.07666215304198871,0.12194355691402674,0.10215067449933918,0.07718046960137934,0.1271605629538115,0.00019998000199980003,0.00019998000199980003,False,0.0,0.022397760223977603,0.022397760223977603,False
dancetrack,yolo26s,yolo26s__ocsort__raw,yolo26s__sort__interp,HOTA,-0.027132292182580953,-0.03600857618273846,-0.019110637811649445,0.05990387126854668,0.04012213059462173,0.0790550152405711,0.00019998000199980003,0.00019998000199980003,True,1.0,0.022397760223977603,0.022397760223977603,True
dancetrack,yolo26s,yolo26s__ocsort__raw,yolo26s__sort__raw,HOTA,0.005876172872331609,-0.0036664826384408392,0.014937222904910334,0.06703734778224801,0.0468262542511583,0.08684198343484392,0.22397760223977603,0.00019998000199980003,False,0.1119,1.0,0.022397760223977603,False
dancetrack,yolo26s,yolo26s__sort__interp,yolo26s__sort__raw,HOTA,0.03300846505491256,0.026869004211830805,0.03916105031494674,0.007133476513701331,0.00562866323516586,0.008723259908794955,0.00019998000199980003,0.00019998000199980003,False,0.0,0.022397760223977603,0.022397760223977603,False
dancetrack,yolo26x,yolo26x__botsort__interp,yolo26x__botsort__raw,HOTA,0.026104238117428957,0.01854151327807679,0.03449010903454471,-0.0016191728530474125,-0.003093733784029974,-0.00017741136802245508,0.00019998000199980003,0.027797220277972202,True,0.9862,0.022397760223977603,0.33356664333566644,False
dancetrack,yolo26x,yolo26x__botsort__interp,yolo26x__bytetrack__interp,HOTA,0.06718785261437749,0.049591834667370334,0.08648112174541984,0.06857638942866034,0.04892010183779317,0.08956053073363164,0.00019998000199980003,0.00019998000199980003,False,0.0,0.022397760223977603,0.022397760223977603,False
dancetrack,yolo26x,yolo26x__botsort__interp,yolo26x__bytetrack__raw,HOTA,0.08749062417710951,0.06833683416185495,0.10842852767344353,0.06710512910598276,0.047306118618123956,0.08818021547289931,0.00019998000199980003,0.00019998000199980003,False,0.0,0.022397760223977603,0.022397760223977603,False
dancetrack,yolo26x,yolo26x__botsort__interp,yolo26x__ocsort__interp,HOTA,0.003338486197816626,-0.007655533950620105,0.014533542007989607,-0.005266129361481797,-0.02239875219185054,0.011653411186628238,0.5503449655034497,0.5507449255074492,True,0.4496,1.0,1.0,False
dancetrack,yolo26x,yolo26x__botsort__interp,yolo26x__ocsort__raw,HOTA,0.10756838489125992,0.09008116100353802,0.12861371465279883,0.028218505827921236,0.011810664373012283,0.04560377925690584,0.00019998000199980003,0.0007999200079992001,False,0.0003,0.022397760223977603,0.022397760223977603,False
dancetrack,yolo26x,yolo26x__botsort__interp,yolo26x__sort__interp,HOTA,0.08655278310633752,0.06660811285817245,0.10807144381391293,0.11210546933719023,0.08813031260252113,0.1386770816258727,0.00019998000199980003,0.00019998000199980003,False,0.0,0.022397760223977603,0.022397760223977603,False
dancetrack,yolo26x,yolo26x__botsort__interp,yolo26x__sort__raw,HOTA,0.12747256180679734,0.1082273302426379,0.15004578474225044,0.11994488263645098,0.09610922053662715,0.1465902320242414,0.00019998000199980003,0.00019998000199980003,False,0.0,0.022397760223977603,0.022397760223977603,False
dancetrack,yolo26x,yolo26x__botsort__raw,yolo26x__bytetrack__interp,HOTA,0.04108361449694853,0.02436498875465411,0.059764392017967925,0.07019556228170776,0.05077060071453579,0.0911294234540047,0.00019998000199980003,0.00019998000199980003,False,0.0,0.022397760223977603,0.022397760223977603,False
dancetrack,yolo26x,yolo26x__botsort__raw,yolo26x__bytetrack__raw,HOTA,0.06138638605968055,0.044670888949844466,0.08040715025464282,0.06872430195903018,0.049162470469712984,0.08989614181586349,0.00019998000199980003,0.00019998000199980003,False,0.0,0.022397760223977603,0.022397760223977603,False
dancetrack,yolo26x,yolo26x__botsort__raw,yolo26x__ocsort__interp,HOTA,-0.02276575191961233,-0.032691421921282056,-0.012887247755064198,-0.0036469565084343847,-0.020459042252336572,0.012523330022496428,0.00019998000199980003,0.6751324867513249,False,0.3375,0.022397760223977603,1.0,False
dancetrack,yolo26x,yolo26x__botsort__raw,yolo26x__ocsort__raw,HOTA,0.08146414677383096,0.06701408832634824,0.09977257256426965,0.02983767868096865,0.013710348748788395,0.04687170786378732,0.00019998000199980003,0.00039996000399960006,False,0.0001,0.022397760223977603,0.022397760223977603,False
dancetrack,yolo26x,yolo26x__botsort__raw,yolo26x__sort__interp,HOTA,0.06044854498890856,0.04531916780597253,0.07758696870035205,0.11372464219023765,0.09040786996670744,0.13999495295736464,0.00019998000199980003,0.00019998000199980003,False,0.0,0.022397760223977603,0.022397760223977603,False
dancetrack,yolo26x,yolo26x__botsort__raw,yolo26x__sort__raw,HOTA,0.10136832368936838,0.08641150027148586,0.12029797237352392,0.12156405548949839,0.09834591071848447,0.14793279618924543,0.00019998000199980003,0.00019998000199980003,False,0.0,0.022397760223977603,0.022397760223977603,False
dancetrack,yolo26x,yolo26x__bytetrack__interp,yolo26x__bytetrack__raw,HOTA,0.020302771562732025,0.015261019492626024,0.026048942554442556,-0.0014712603226775811,-0.0027339762545243703,-0.0002120688182896166,0.00019998000199980003,0.0193980601939806,True,0.9904,0.022397760223977603,0.26877312268773124,False
dancetrack,yolo26x,yolo26x__bytetrack__interp,yolo26x__ocsort__interp,HOTA,-0.06384936641656086,-0.07912146224622306,-0.04911293408290202,-0.07384251879014214,-0.09126626355672095,-0.057349869385616564,0.00019998000199980003,0.00019998000199980003,False,0.0,0.022397760223977603,0.022397760223977603,False
dancetrack,yolo26x,yolo26x__bytetrack__interp,yolo26x__ocsort__raw,HOTA,0.04038053227688243,0.024951290955625188,0.057018400804618626,-0.04035788360073911,-0.05862482539740731,-0.022581892987488472,0.00019998000199980003,0.00019998000199980003,True,1.0,0.022397760223977603,0.022397760223977603,True
dancetrack,yolo26x,yolo26x__bytetrack__interp,yolo26x__sort__interp,HOTA,0.01936493049196003,0.003333592351367925,0.033605967902629305,0.04352907990852989,0.024929087289082465,0.06043853799240039,0.019198080191980802,0.00019998000199980003,False,0.0095,0.26877312268773124,0.022397760223977603,False
dancetrack,yolo26x,yolo26x__bytetrack__interp,yolo26x__sort__raw,HOTA,0.06028470919241985,0.047188665596479495,0.07350202943450797,0.05136849320779063,0.03284994277932785,0.06838539135614367,0.00019998000199980003,0.00019998000199980003,False,0.0,0.022397760223977603,0.022397760223977603,False
dancetrack,yolo26x,yolo26x__bytetrack__raw,yolo26x__ocsort__interp,HOTA,-0.08415213797929288,-0.1008797276152722,-0.06824253752867998,-0.07237125846746456,-0.08964398371096517,-0.05611027164350714,0.00019998000199980003,0.00019998000199980003,False,0.0,0.022397760223977603,0.022397760223977603,False
dancetrack,yolo26x,yolo26x__bytetrack__raw,yolo26x__ocsort__raw,HOTA,0.020077760714150406,0.00635958504504508,0.036072851267794845,-0.03888662327806153,-0.05691485285387354,-0.02140134793606132,0.0035996400359964,0.00019998000199980003,True,0.9983,0.0647935206479352,0.022397760223977603,False
dancetrack,yolo26x,yolo26x__bytetrack__raw,yolo26x__sort__interp,HOTA,-0.0009378410707719942,-0.014086591419183402,0.010798975537246729,0.04500034023120747,0.026870463315080126,0.06157142441924992,0.9153084691530847,0.00019998000199980003,True,0.5424,1.0,0.022397760223977603,False
dancetrack,yolo26x,yolo26x__bytetrack__raw,yolo26x__sort__raw,HOTA,0.039981937629687825,0.030188035111106883,0.050248656094918714,0.052839753530468214,0.034797875576663424,0.06951773982019284,0.00019998000199980003,0.00019998000199980003,False,0.0,0.022397760223977603,0.022397760223977603,False
dancetrack,yolo26x,yolo26x__ocsort__interp,yolo26x__ocsort__raw,HOTA,0.10422989869344329,0.09246052834247244,0.11933606811578945,0.033484635189403034,0.027774335422537065,0.04043122787792075,0.00019998000199980003,0.00019998000199980003,False,0.0,0.022397760223977603,0.022397760223977603,False
dancetrack,yolo26x,yolo26x__ocsort__interp,yolo26x__sort__interp,HOTA,0.08321429690852089,0.0668047604723797,0.1002533186718334,0.11737159869867203,0.09670323560944463,0.14001677753479325,0.00019998000199980003,0.00019998000199980003,False,0.0,0.022397760223977603,0.022397760223977603,False
dancetrack,yolo26x,yolo26x__ocsort__interp,yolo26x__sort__raw,HOTA,0.12413407560898071,0.10896874086543136,0.14183671577459203,0.12521101199793278,0.10456812699177648,0.14801977339377495,0.00019998000199980003,0.00019998000199980003,False,0.0,0.022397760223977603,0.022397760223977603,False
dancetrack,yolo26x,yolo26x__ocsort__raw,yolo26x__sort__interp,HOTA,-0.0210156017849224,-0.036020829828162335,-0.007886239798275865,0.083886963509269,0.06405615446118808,0.10544236937608548,0.0013998600139986002,0.00019998000199980003,True,0.9994,0.027997200279972004,0.022397760223977603,True
dancetrack,yolo26x,yolo26x__ocsort__raw,yolo26x__sort__raw,HOTA,0.01990417691553742,0.010015038198342607,0.029220359472596078,0.09172637680852974,0.07215235051186489,0.11309769414182348,0.00039996000399960006,0.00019998000199980003,False,0.0001,0.022397760223977603,0.022397760223977603,False
dancetrack,yolo26x,yolo26x__sort__interp,yolo26x__sort__raw,HOTA,0.04091977870045982,0.03468306202838921,0.04879974735568793,0.007839413299260745,0.006864453998990277,0.009090670772275183,0.00019998000199980003,0.00019998000199980003,False,0.0,0.022397760223977603,0.022397760223977603,False
